,offset,width,count
0,9.1,31.7,1.0
1,9.1,32.0,1.0
2,-35.2,35.5,1.0
3,-35.2,36.1,1.0
4,-35.2,37.3,1.0
5,-16.7,34.6,1.0
6,-16.7,34.7,3.0
7,-16.7,34.8,2.0
8,-16.7,34.9,2.0
9,-16.7,35.0,5.0
10,-16.7,35.1,5.0
11,-16.7,35.2,5.0
12,-16.7,35.3,5.0
13,-16.7,35.4,1.0
14,-16.7,35.5,2.0
15,-16.7,35.6,4.0
16,-16.7,35.7,4.0
17,4.0,32.0,1.0
18,4.0,32.1,1.0
19,4.0,32.2,1.0
20,1.1,32.3,1.0
21,1.1,32.6,1.0
22,-29.2,36.2,1.0
23,-29.2,36.3,3.0
24,-29.2,36.4,3.0
25,-29.2,36.5,1.0
26,-29.2,36.6,5.0
27,-29.2,36.7,5.0
28,-29.2,36.8,5.0
29,-29.2,36.9,4.0
30,-29.2,37.3,1.0
31,-1.4,33.2,1.0
32,-18.7,34.7,1.0
33,-18.7,34.9,1.0
34,-18.7,35.0,5.0
35,-18.7,35.1,5.0
36,-18.7,35.2,5.0
37,-18.7,35.3,4.0
38,-18.7,35.4,5.0
39,-18.7,35.5,5.0
40,-18.7,35.6,4.0
41,-18.7,35.7,4.0
42,7.7,31.8,1.0
43,7.7,32.1,1.0
44,7.7,32.2,1.0
45,7.4,31.5,1.0
46,11.3,31.9,1.0
47,11.3,32.1,1.0
48,11.3,37.7,1.0
49,11.3,38.1,2.0
50,11.3,38.2,2.0
51,11.3,38.3,3.0
52,11.3,38.5,3.0
53,11.3,38.6,2.0
54,11.3,38.7,3.0
55,11.3,38.8,4.0
56,-39.9,35.2,1.0
57,-39.9,35.8,1.0
58,-39.9,37.1,1.0
59,-31.3,35.1,1.0
60,-31.3,35.4,1.0
61,-31.3,35.8,1.0
62,-31.3,35.9,1.0
63,-31.3,36.0,1.0
64,-31.3,36.1,1.0
65,-31.3,36.3,1.0
66,-31.3,36.4,1.0
67,-31.3,36.5,2.0
68,-31.3,37.6,1.0
69,-31.3,37.7,2.0
70,-31.3,37.8,3.0
71,-31.3,37.9,2.0
72,-31.3,38.1,3.0
73,-31.3,38.2,1.0
74,-31.3,38.3,2.0
75,-31.3,38.4,3.0
76,-31.3,38.5,4.0
77,-31.3,38.6,3.0
78,-31.3,38.7,2.0
79,-31.3,38.8,2.0
80,-31.3,39.2,1.0
81,-31.3,39.5,1.0
82,11.2,32.0,1.0
83,11.2,32.1,1.0
84,11.2,37.9,1.0
85,11.2,38.1,2.0
86,11.2,38.2,1.0
87,11.2,38.3,2.0
88,11.2,38.4,2.0
89,11.2,38.5,2.0
90,11.2,38.6,3.0
91,11.2,38.7,2.0
92,11.2,38.8,4.0
93,8.7,31.9,1.0
94,-30.7,36.1,1.0
95,-30.7,36.2,5.0
96,-30.7,36.3,3.0
97,-30.7,36.4,2.0
98,-30.7,36.5,4.0
99,-30.7,36.7,1.0
100,-30.7,36.8,2.0
101,-30.7,36.9,1.0
102,-30.7,37.8,2.0
103,-30.7,37.9,2.0
104,-30.7,38.0,1.0
105,-30.7,38.1,3.0
106,-30.7,38.2,1.0
107,-30.7,38.3,2.0
108,-30.7,38.4,2.0
109,-30.7,38.5,4.0
110,-30.7,38.6,1.0
111,-30.7,38.7,4.0
112,-30.7,38.8,3.0
113,-30.7,38.9,3.0
114,-30.7,39.0,3.0
115,-30.7,39.1,4.0
116,-30.7,39.2,2.0
117,-30.7,39.3,1.0
118,-30.7,39.4,1.0
119,-30.7,39.5,2.0
120,-30.7,39.6,4.0
121,-30.7,39.8,1.0
122,-13.5,34.6,1.0
123,-13.5,34.8,2.0
124,-13.5,35.0,4.0
125,-13.5,35.1,5.0
126,-13.5,35.2,4.0
127,-13.5,35.3,3.0
128,-13.5,35.4,4.0
129,-13.5,35.5,5.0
130,-13.5,35.6,5.0
131,-13.5,35.7,4.0
132,-13.5,35.9,2.0
133,-13.5,36.1,1.0
134,15.6,33.1,1.0
135,0.5,33.0,1.0
136,-13.6,35.0,5.0
137,-13.6,35.1,4.0
138,-13.6,35.2,3.0
139,-13.6,35.3,4.0
140,-13.6,35.4,4.0
141,-13.6,35.5,4.0
142,-13.6,35.6,4.0
143,-13.6,35.7,5.0
144,-13.6,35.9,3.0
145,-13.6,36.0,1.0
146,9.8,31.5,1.0
147,9.8,31.9,1.0
148,9.8,39.3,1.0
149,9.8,39.5,1.0
150,9.8,39.8,1.0
151,-15.7,34.7,3.0
152,-15.7,34.8,1.0
153,-15.7,34.9,1.0
154,-15.7,35.0,5.0
155,-15.7,35.1,5.0
156,-15.7,35.2,5.0
157,-15.7,35.3,5.0
158,-15.7,35.4,3.0
159,-15.7,35.5,3.0
160,-15.7,35.6,3.0
161,-15.7,35.7,1.0
162,-17.5,34.6,1.0
163,-17.5,34.7,3.0
164,-17.5,34.8,1.0
165,-17.5,34.9,3.0
166,-17.5,35.0,5.0
167,-17.5,35.1,5.0
168,-17.5,35.2,5.0
169,-17.5,35.3,5.0
170,-17.5,35.4,4.0
171,-17.5,35.5,4.0
172,-17.5,35.6,3.0
173,-17.5,35.7,3.0
174,-24.2,35.4,1.0
175,-24.2,35.6,1.0
176,-24.2,35.8,4.0
177,-24.2,35.9,5.0
178,-24.2,36.0,4.0
179,-24.2,36.1,5.0
180,-24.2,36.2,5.0
181,-24.2,36.3,5.0
182,-24.2,36.4,5.0
183,-24.2,36.5,5.0
184,-24.2,36.6,4.0
185,-24.2,36.7,1.0
186,-24.2,36.8,1.0
187,-24.2,36.9,3.0
188,-25.6,35.8,3.0
189,-25.6,35.9,1.0
190,-25.6,36.0,2.0
191,-25.6,36.1,1.0
192,-25.6,36.2,5.0
193,-25.6,36.3,5.0
194,-25.6,36.4,5.0
195,-25.6,36.5,5.0
196,-25.6,36.6,4.0
197,-25.6,36.7,3.0
198,-25.6,36.8,4.0
199,-25.6,36.9,4.0
200,-25.6,37.2,1.0
201,-25.6,37.3,1.0
202,-25.6,37.8,1.0
203,-21.5,35.0,2.0
204,-21.5,35.1,1.0
205,-21.5,35.2,1.0
206,-21.5,35.4,5.0
207,-21.5,35.5,5.0
208,-21.5,35.6,5.0
209,-21.5,35.7,5.0
210,-21.5,35.8,5.0
211,-21.5,35.9,4.0
212,-21.5,36.0,4.0
213,-21.5,36.1,3.0
214,-21.5,36.2,1.0
215,-8.9,36.3,1.0
216,-37.4,37.6,1.0
217,17.4,39.0,1.0
218,17.4,39.2,1.0
219,17.4,39.3,2.0
220,17.4,39.4,2.0
221,17.4,39.5,2.0
222,-38.2,37.0,1.0
223,6.0,31.5,1.0
224,6.0,31.6,1.0
225,6.0,31.8,1.0
226,-29.8,36.2,2.0
227,-29.8,36.3,1.0
228,-29.8,36.4,3.0
229,-29.8,36.5,4.0
230,-29.8,36.6,4.0
231,-29.8,36.7,5.0
232,-29.8,36.8,5.0
233,-29.8,36.9,4.0
234,-29.8,37.8,1.0
235,-29.8,37.9,1.0
236,-29.8,39.5,1.0
237,-29.8,39.7,1.0
238,-29.8,39.8,1.0
239,3.6,31.9,2.0
240,3.6,32.1,1.0
241,3.6,32.2,1.0
242,-26.8,35.9,1.0
243,-26.8,36.0,1.0
244,-26.8,36.2,5.0
245,-26.8,36.3,5.0
246,-26.8,36.4,4.0
247,-26.8,36.5,5.0
248,-26.8,36.6,4.0
249,-26.8,36.7,5.0
250,-26.8,36.8,5.0
251,-26.8,36.9,3.0
252,-26.8,37.1,1.0
253,-26.8,37.2,1.0
254,-26.8,37.3,2.0
255,-26.8,38.0,1.0
256,-12.3,35.1,1.0
257,-12.3,35.2,3.0
258,-12.3,35.4,3.0
259,-12.3,35.6,3.0
260,-12.3,35.7,2.0
261,-12.3,35.8,2.0
262,-12.3,35.9,3.0
263,-12.3,36.0,4.0
264,-12.3,36.1,5.0
265,-12.3,36.4,1.0
266,-32.2,34.4,1.0
267,-32.2,34.6,1.0
268,-32.2,35.5,1.0
269,-25.3,35.8,2.0
270,-25.3,35.9,4.0
271,-25.3,36.0,3.0
272,-25.3,36.1,2.0
273,-25.3,36.2,5.0
274,-25.3,36.3,5.0
275,-25.3,36.4,5.0
276,-25.3,36.5,5.0
277,-25.3,36.6,5.0
278,-25.3,36.7,3.0
279,-25.3,36.8,4.0
280,-25.3,36.9,1.0
281,-16.9,34.7,2.0
282,-16.9,34.8,3.0
283,-16.9,34.9,3.0
284,-16.9,35.0,5.0
285,-16.9,35.1,5.0
286,-16.9,35.2,5.0
287,-16.9,35.3,5.0
288,-16.9,35.4,2.0
289,-16.9,35.5,3.0
290,-16.9,35.6,3.0
291,-16.9,35.7,2.0
292,14.3,32.7,1.0
293,14.3,32.9,1.0
294,14.3,38.1,1.0
295,18.1,39.0,1.0
296,18.1,39.4,1.0
297,18.1,39.5,1.0
298,18.1,39.6,1.0
299,-28.0,35.8,1.0
300,-28.0,36.2,4.0
301,-28.0,36.3,4.0
302,-28.0,36.4,2.0
303,-28.0,36.5,5.0
304,-28.0,36.6,5.0
305,-28.0,36.7,5.0
306,-28.0,36.8,5.0
307,-28.0,36.9,5.0
308,2.0,32.3,1.0
309,2.0,32.4,1.0
310,2.0,32.5,1.0
311,7.8,31.8,1.0
312,7.8,31.9,1.0
313,7.8,32.0,1.0
314,1.8,31.9,1.0
315,1.8,32.6,1.0
316,-31.4,35.5,1.0
317,-31.4,35.8,1.0
318,-31.4,35.9,1.0
319,-31.4,36.2,3.0
320,-31.4,36.3,1.0
321,-31.4,36.4,3.0
322,-31.4,37.7,3.0
323,-31.4,37.8,3.0
324,-31.4,37.9,1.0
325,-31.4,38.0,1.0
326,-31.4,38.1,3.0
327,-31.4,38.2,1.0
328,-31.4,38.3,4.0
329,-31.4,38.4,1.0
330,-31.4,38.5,2.0
331,-31.4,38.7,1.0
332,-31.4,38.8,1.0
333,-31.4,38.9,2.0
334,-31.4,39.2,1.0
335,-31.4,39.3,1.0
336,-1.3,32.7,1.0
337,-23.8,35.4,1.0
338,-23.8,35.7,2.0
339,-23.8,35.8,5.0
340,-23.8,35.9,5.0
341,-23.8,36.0,4.0
342,-23.8,36.1,5.0
343,-23.8,36.2,5.0
344,-23.8,36.3,5.0
345,-23.8,36.4,5.0
346,-23.8,36.5,4.0
347,-23.8,36.6,3.0
348,-30.5,35.9,1.0
349,-30.5,36.2,3.0
350,-30.5,36.3,2.0
351,-30.5,36.4,3.0
352,-30.5,36.5,4.0
353,-30.5,36.6,5.0
354,-30.5,36.7,1.0
355,-30.5,36.8,3.0
356,-30.5,36.9,1.0
357,-30.5,38.2,2.0
358,-30.5,38.3,1.0
359,-30.5,38.5,1.0
360,-30.5,38.9,3.0
361,-30.5,39.0,1.0
362,-30.5,39.3,1.0
363,-30.5,39.4,3.0
364,-30.5,39.5,3.0
365,-30.5,39.6,5.0
366,8.4,32.0,2.0
367,8.4,39.3,1.0
368,-29.3,36.2,2.0
369,-29.3,36.3,4.0
370,-29.3,36.4,4.0
371,-29.3,36.5,1.0
372,-29.3,36.6,5.0
373,-29.3,36.7,5.0
374,-29.3,36.8,5.0
375,-29.3,36.9,5.0
376,-29.3,37.0,1.0
377,-29.3,37.8,1.0
378,-29.3,38.0,2.0
379,10.4,32.1,1.0
380,10.4,38.1,1.0
381,10.4,38.2,1.0
382,10.4,38.4,1.0
383,10.4,38.5,1.0
384,10.4,38.6,1.0
385,10.4,38.8,3.0
386,-18.9,34.7,2.0
387,-18.9,34.8,2.0
388,-18.9,34.9,2.0
389,-18.9,35.0,5.0
390,-18.9,35.1,5.0
391,-18.9,35.2,5.0
392,-18.9,35.3,5.0
393,-18.9,35.4,3.0
394,-18.9,35.5,3.0
395,-18.9,35.6,5.0
396,-18.9,35.7,4.0
397,-18.9,36.1,1.0
398,-17.1,34.6,2.0
399,-17.1,34.7,2.0
400,-17.1,34.8,3.0
401,-17.1,34.9,1.0
402,-17.1,35.0,5.0
403,-17.1,35.1,5.0
404,-17.1,35.2,5.0
405,-17.1,35.3,5.0
406,-17.1,35.4,4.0
407,-17.1,35.5,4.0
408,-17.1,35.6,4.0
409,-17.1,35.7,3.0
410,18.0,39.3,3.0
411,18.0,39.4,1.0
412,17.3,39.1,1.0
413,9.5,31.6,1.0
414,9.5,31.9,2.0
415,9.5,32.1,1.0
416,9.5,32.2,2.0
417,9.5,39.1,1.0
418,9.5,39.5,1.0
419,-35.4,35.6,1.0
420,-35.4,36.5,1.0
421,-35.4,37.0,1.0
422,-35.4,39.8,2.0
423,1.2,32.4,1.0
424,13.7,32.3,1.0
425,13.7,32.5,1.0
426,13.7,38.0,1.0
427,13.7,38.1,2.0
428,13.7,38.4,1.0
429,8.0,31.5,1.0
430,-27.4,35.9,1.0
431,-27.4,36.2,3.0
432,-27.4,36.3,4.0
433,-27.4,36.4,5.0
434,-27.4,36.5,5.0
435,-27.4,36.6,5.0
436,-27.4,36.7,5.0
437,-27.4,36.8,5.0
438,-27.4,36.9,5.0
439,-27.4,37.2,1.0
440,-27.4,37.3,2.0
441,-26.6,35.9,1.0
442,-26.6,36.2,3.0
443,-26.6,36.3,5.0
444,-26.6,36.4,5.0
445,-26.6,36.5,5.0
446,-26.6,36.6,4.0
447,-26.6,36.7,5.0
448,-26.6,36.8,4.0
449,-26.6,36.9,5.0
450,-26.6,37.5,1.0
451,12.3,37.7,1.0
452,12.3,38.0,1.0
453,12.3,38.1,3.0
454,12.3,38.2,4.0
455,12.3,38.3,3.0
456,12.3,38.4,3.0
457,12.3,38.5,2.0
458,12.3,38.6,4.0
459,12.3,38.7,1.0
460,12.3,38.9,1.0
461,-26.5,35.8,1.0
462,-26.5,35.9,1.0
463,-26.5,36.1,1.0
464,-26.5,36.2,5.0
465,-26.5,36.3,5.0
466,-26.5,36.4,5.0
467,-26.5,36.5,5.0
468,-26.5,36.6,5.0
469,-26.5,36.7,3.0
470,-26.5,36.8,5.0
471,-26.5,36.9,5.0
472,-26.5,37.0,1.0
473,-26.5,37.1,1.0
474,-14.0,34.6,1.0
475,-14.0,34.7,2.0
476,-14.0,34.8,1.0
477,-14.0,34.9,1.0
478,-14.0,35.0,5.0
479,-14.0,35.1,5.0
480,-14.0,35.2,5.0
481,-14.0,35.3,5.0
482,-14.0,35.4,4.0
483,-14.0,35.5,5.0
484,-14.0,35.6,3.0
485,-14.0,35.7,2.0
486,-14.0,35.9,1.0
487,-18.8,34.6,1.0
488,-18.8,34.9,1.0
489,-18.8,35.0,5.0
490,-18.8,35.1,5.0
491,-18.8,35.2,5.0
492,-18.8,35.3,5.0
493,-18.8,35.4,3.0
494,-18.8,35.5,4.0
495,-18.8,35.6,5.0
496,-18.8,35.7,2.0
497,-18.8,35.8,3.0
498,2.2,31.9,1.0
499,2.2,32.3,1.0
500,-30.0,36.2,4.0
501,-30.0,36.3,2.0
502,-30.0,36.4,3.0
503,-30.0,36.5,5.0
504,-30.0,36.6,4.0
505,-30.0,36.7,5.0
506,-30.0,36.8,5.0
507,-30.0,36.9,5.0
508,-30.0,37.0,1.0
509,-30.0,37.7,1.0
510,-30.0,37.9,1.0
511,-30.0,38.7,1.0
512,-30.0,38.9,1.0
513,-30.0,39.3,4.0
514,-30.0,39.4,4.0
515,-30.0,39.5,1.0
516,-30.0,39.6,2.0
517,-30.0,39.7,1.0
518,-30.0,39.9,1.0
519,9.3,31.7,1.0
520,9.3,39.5,1.0
521,-37.1,35.8,1.0
522,-37.1,36.2,1.0
523,-37.1,37.0,1.0
524,-33.2,35.6,1.0
525,-20.8,35.0,2.0
526,-20.8,35.1,4.0
527,-20.8,35.2,2.0
528,-20.8,35.3,3.0
529,-20.8,35.4,5.0
530,-20.8,35.5,5.0
531,-20.8,35.6,5.0
532,-20.8,35.7,5.0
533,-20.8,35.8,3.0
534,-20.8,35.9,2.0
535,-20.8,36.0,4.0
536,-20.8,36.1,2.0
537,-14.5,34.6,1.0
538,-14.5,34.8,2.0
539,-14.5,34.9,1.0
540,-14.5,35.0,5.0
541,-14.5,35.1,5.0
542,-14.5,35.2,5.0
543,-14.5,35.3,4.0
544,-14.5,35.4,5.0
545,-14.5,35.5,5.0
546,-14.5,35.6,4.0
547,-14.5,35.7,3.0
548,-14.5,35.8,2.0
549,-36.5,35.6,2.0
550,-36.5,36.0,1.0
551,-12.1,35.1,1.0
552,-12.1,35.2,1.0
553,-12.1,35.3,1.0
554,-12.1,35.4,1.0
555,-12.1,35.5,3.0
556,-12.1,35.6,4.0
557,-12.1,35.7,1.0
558,-12.1,35.8,3.0
559,-12.1,35.9,2.0
560,-12.1,36.0,2.0
561,-12.1,36.1,3.0
562,1.0,32.3,1.0
563,1.0,32.4,1.0
564,1.0,32.6,1.0
565,-16.3,34.6,1.0
566,-16.3,34.7,3.0
567,-16.3,34.8,3.0
568,-16.3,34.9,3.0
569,-16.3,35.0,5.0
570,-16.3,35.1,5.0
571,-16.3,35.2,5.0
572,-16.3,35.3,5.0
573,-16.3,35.4,5.0
574,-16.3,35.5,4.0
575,-16.3,35.6,4.0
576,-16.3,35.7,4.0
577,-17.0,34.6,2.0
578,-17.0,34.7,1.0
579,-17.0,34.8,2.0
580,-17.0,34.9,4.0
581,-17.0,35.0,4.0
582,-17.0,35.1,5.0
583,-17.0,35.2,4.0
584,-17.0,35.3,5.0
585,-17.0,35.4,5.0
586,-17.0,35.5,2.0
587,-17.0,35.6,1.0
588,-17.0,35.7,4.0
589,-9.3,33.4,1.0
590,6.7,31.7,1.0
591,6.7,31.8,1.0
592,-32.0,35.5,1.0
593,-32.0,35.8,1.0
594,-23.6,35.4,1.0
595,-23.6,35.5,2.0
596,-23.6,35.6,3.0
597,-23.6,35.7,2.0
598,-23.6,35.8,5.0
599,-23.6,35.9,5.0
600,-23.6,36.0,5.0
601,-23.6,36.1,5.0
602,-23.6,36.2,5.0
603,-23.6,36.3,5.0
604,-23.6,36.4,4.0
605,-23.6,36.5,5.0
606,-23.6,36.7,1.0
607,6.4,31.5,1.0
608,6.4,31.6,1.0
609,-24.0,35.4,2.0
610,-24.0,35.5,3.0
611,-24.0,35.6,2.0
612,-24.0,35.7,2.0
613,-24.0,35.8,5.0
614,-24.0,35.9,5.0
615,-24.0,36.0,4.0
616,-24.0,36.1,5.0
617,-24.0,36.2,3.0
618,-24.0,36.3,5.0
619,-24.0,36.4,5.0
620,-24.0,36.5,4.0
621,-24.0,36.6,2.0
622,-24.0,37.4,1.0
623,-11.1,35.8,3.0
624,-11.1,36.1,1.0
625,-11.1,36.2,1.0
626,-11.1,36.3,4.0
627,-11.1,36.4,1.0
628,-11.1,36.5,1.0
629,-38.4,37.5,1.0
630,-9.8,36.2,1.0
631,-9.8,36.3,1.0
632,0.2,32.6,3.0
633,0.2,32.9,1.0
634,-21.3,35.0,2.0
635,-21.3,35.1,3.0
636,-21.3,35.2,2.0
637,-21.3,35.3,2.0
638,-21.3,35.4,5.0
639,-21.3,35.5,5.0
640,-21.3,35.6,5.0
641,-21.3,35.7,5.0
642,-21.3,35.8,5.0
643,-21.3,35.9,4.0
644,-21.3,36.0,5.0
645,-21.3,36.1,5.0
646,13.8,32.9,1.0
647,13.8,37.9,1.0
648,13.8,38.2,1.0
649,13.8,38.3,2.0
650,-39.7,36.1,2.0
651,-39.7,36.5,1.0
652,17.8,39.5,1.0
653,5.2,31.6,1.0
654,5.2,31.7,1.0
655,5.2,31.8,1.0
656,5.2,31.9,1.0
657,5.2,32.1,1.0
658,-16.5,34.6,2.0
659,-16.5,34.7,1.0
660,-16.5,34.8,2.0
661,-16.5,34.9,2.0
662,-16.5,35.0,5.0
663,-16.5,35.1,5.0
664,-16.5,35.2,5.0
665,-16.5,35.3,5.0
666,-16.5,35.4,3.0
667,-16.5,35.5,5.0
668,-16.5,35.6,3.0
669,-16.5,35.7,2.0
670,-16.5,35.9,1.0
671,8.3,31.8,1.0
672,8.3,31.9,1.0
673,8.3,32.1,2.0
674,8.3,32.2,1.0
675,0.9,32.4,1.0
676,6.5,31.5,1.0
677,6.5,31.7,2.0
678,-27.5,36.2,2.0
679,-27.5,36.3,5.0
680,-27.5,36.4,4.0
681,-27.5,36.5,3.0
682,-27.5,36.6,5.0
683,-27.5,36.7,5.0
684,-27.5,36.8,4.0
685,-27.5,36.9,5.0
686,3.4,31.6,1.0
687,3.4,31.8,1.0
688,3.4,32.1,1.0
689,10.7,31.9,2.0
690,10.7,38.3,1.0
691,10.7,38.8,1.0
692,-24.3,35.5,1.0
693,-24.3,35.8,5.0
694,-24.3,35.9,5.0
695,-24.3,36.0,5.0
696,-24.3,36.1,4.0
697,-24.3,36.2,5.0
698,-24.3,36.3,5.0
699,-24.3,36.4,5.0
700,-24.3,36.5,5.0
701,-24.3,36.6,1.0
702,-24.3,36.7,1.0
703,-24.3,36.8,1.0
704,-24.3,36.9,2.0
705,-24.8,35.8,4.0
706,-24.8,35.9,4.0
707,-24.8,36.0,4.0
708,-24.8,36.1,5.0
709,-24.8,36.2,5.0
710,-24.8,36.3,5.0
711,-24.8,36.4,5.0
712,-24.8,36.5,5.0
713,-24.8,36.6,1.0
714,-24.8,36.7,1.0
715,-24.8,36.8,1.0
716,-24.8,36.9,1.0
717,-24.8,37.6,1.0
718,-34.0,35.4,2.0
719,-34.0,35.9,1.0
720,-34.0,36.0,1.0
721,-22.4,35.0,1.0
722,-22.4,35.1,1.0
723,-22.4,35.2,2.0
724,-22.4,35.3,2.0
725,-22.4,35.4,4.0
726,-22.4,35.5,5.0
727,-22.4,35.6,5.0
728,-22.4,35.7,3.0
729,-22.4,35.8,5.0
730,-22.4,35.9,5.0
731,-22.4,36.0,4.0
732,-22.4,36.1,5.0
733,-22.4,36.2,3.0
734,-22.4,36.3,3.0
735,-22.4,36.4,2.0
736,-22.4,36.5,4.0
737,12.0,32.1,1.0
738,12.0,32.6,1.0
739,12.0,37.7,1.0
740,12.0,37.8,1.0
741,12.0,37.9,1.0
742,12.0,38.1,3.0
743,12.0,38.2,2.0
744,12.0,38.3,3.0
745,12.0,38.4,5.0
746,12.0,38.5,2.0
747,12.0,38.6,2.0
748,12.0,38.7,1.0
749,12.0,38.8,4.0
750,-13.4,34.6,1.0
751,-13.4,35.0,4.0
752,-13.4,35.1,4.0
753,-13.4,35.2,4.0
754,-13.4,35.3,2.0
755,-13.4,35.4,5.0
756,-13.4,35.5,5.0
757,-13.4,35.6,5.0
758,-13.4,35.7,5.0
759,-13.4,35.8,2.0
760,-13.4,35.9,1.0
761,-13.4,36.0,3.0
762,-13.4,36.1,1.0
763,-24.9,35.8,2.0
764,-24.9,35.9,4.0
765,-24.9,36.0,3.0
766,-24.9,36.1,5.0
767,-24.9,36.2,5.0
768,-24.9,36.3,4.0
769,-24.9,36.4,5.0
770,-24.9,36.5,5.0
771,-24.9,36.6,3.0
772,-24.9,36.7,2.0
773,-24.9,36.8,3.0
774,-24.9,36.9,4.0
775,-23.4,35.4,4.0
776,-23.4,35.5,4.0
777,-23.4,35.7,1.0
778,-23.4,35.8,5.0
779,-23.4,35.9,5.0
780,-23.4,36.0,5.0
781,-23.4,36.1,5.0
782,-23.4,36.2,5.0
783,-23.4,36.3,3.0
784,-23.4,36.4,5.0
785,-23.4,36.5,5.0
786,-23.4,36.8,1.0
787,-25.0,35.8,3.0
788,-25.0,35.9,3.0
789,-25.0,36.0,5.0
790,-25.0,36.1,4.0
791,-25.0,36.2,5.0
792,-25.0,36.3,5.0
793,-25.0,36.4,5.0
794,-25.0,36.5,5.0
795,-25.0,36.6,3.0
796,-25.0,36.7,4.0
797,-25.0,36.8,2.0
798,-25.0,36.9,2.0
799,13.2,32.6,1.0
800,13.2,32.9,1.0
801,13.2,38.0,1.0
802,13.2,38.1,1.0
803,13.2,38.2,1.0
804,-38.3,37.3,1.0
805,-18.5,34.7,1.0
806,-18.5,34.8,1.0
807,-18.5,34.9,1.0
808,-18.5,35.0,5.0
809,-18.5,35.1,5.0
810,-18.5,35.2,4.0
811,-18.5,35.3,5.0
812,-18.5,35.4,4.0
813,-18.5,35.5,5.0
814,-18.5,35.6,5.0
815,-18.5,35.7,5.0
816,-18.5,35.9,1.0
817,-10.3,36.2,1.0
818,7.5,31.5,1.0
819,7.5,31.6,1.0
820,7.5,31.8,1.0
821,10.2,31.7,1.0
822,10.2,32.0,1.0
823,10.2,32.1,3.0
824,10.2,32.2,1.0
825,10.2,38.8,1.0
826,9.4,31.9,1.0
827,9.4,32.1,1.0
828,-22.5,35.4,5.0
829,-22.5,35.5,5.0
830,-22.5,35.6,4.0
831,-22.5,35.7,3.0
832,-22.5,35.8,5.0
833,-22.5,35.9,5.0
834,-22.5,36.0,5.0
835,-22.5,36.1,5.0
836,-22.5,36.2,3.0
837,-22.5,36.3,4.0
838,-22.5,36.5,5.0
839,6.6,31.5,1.0
840,6.6,31.7,1.0
841,9.0,32.0,1.0
842,9.0,38.9,1.0
843,9.0,39.4,1.0
844,5.0,31.6,1.0
845,5.0,31.8,2.0
846,5.0,31.9,1.0
847,-38.1,36.5,1.0
848,14.1,32.7,1.0
849,14.1,33.0,1.0
850,-31.1,35.7,1.0
851,-31.1,35.8,2.0
852,-31.1,35.9,1.0
853,-31.1,36.3,1.0
854,-31.1,36.4,1.0
855,-31.1,36.5,1.0
856,-31.1,36.6,1.0
857,-31.1,37.8,2.0
858,-31.1,37.9,1.0
859,-31.1,38.0,2.0
860,-31.1,38.2,4.0
861,-31.1,38.3,4.0
862,-31.1,38.5,3.0
863,-31.1,38.6,1.0
864,-31.1,38.7,1.0
865,-31.1,38.8,2.0
866,-31.1,38.9,2.0
867,-31.1,39.0,1.0
868,-31.1,39.1,1.0
869,-31.1,39.2,1.0
870,-31.1,39.3,1.0
871,-21.8,35.0,3.0
872,-21.8,35.3,1.0
873,-21.8,35.4,5.0
874,-21.8,35.5,5.0
875,-21.8,35.6,5.0
876,-21.8,35.7,5.0
877,-21.8,35.8,4.0
878,-21.8,35.9,5.0
879,-21.8,36.0,5.0
880,-21.8,36.1,5.0
881,-21.8,36.3,1.0
882,-21.8,36.8,1.0
883,-21.8,36.9,1.0
884,-21.8,37.3,1.0
885,3.2,32.1,1.0
886,3.2,32.2,1.0
887,17.5,39.0,1.0
888,17.5,39.3,1.0
889,17.5,39.4,1.0
890,17.5,39.6,2.0
891,0.4,32.5,1.0
892,0.4,32.6,2.0
893,0.4,32.7,1.0
894,0.4,33.0,2.0
895,-27.7,36.2,5.0
896,-27.7,36.3,5.0
897,-27.7,36.4,3.0
898,-27.7,36.5,2.0
899,-27.7,36.6,5.0
900,-27.7,36.7,5.0
901,-27.7,36.8,5.0
902,-27.7,36.9,5.0
903,-27.7,37.1,1.0
904,-27.7,37.2,1.0
905,-30.3,36.2,3.0
906,-30.3,36.3,4.0
907,-30.3,36.4,5.0
908,-30.3,36.5,5.0
909,-30.3,36.6,1.0
910,-30.3,36.7,1.0
911,-30.3,36.8,3.0
912,-30.3,36.9,3.0
913,-30.3,37.2,1.0
914,-30.3,38.5,2.0
915,-30.3,38.6,2.0
916,-30.3,38.8,2.0
917,-30.3,38.9,4.0
918,-30.3,39.0,1.0
919,-30.3,39.1,2.0
920,-30.3,39.2,2.0
921,-30.3,39.3,3.0
922,-30.3,39.4,3.0
923,-30.3,39.5,3.0
924,-30.3,39.6,3.0
925,-30.3,39.7,1.0
926,-15.3,34.6,1.0
927,-15.3,34.7,1.0
928,-15.3,34.8,1.0
929,-15.3,34.9,1.0
930,-15.3,35.0,5.0
931,-15.3,35.1,5.0
932,-15.3,35.2,5.0
933,-15.3,35.3,5.0
934,-15.3,35.4,5.0
935,-15.3,35.5,5.0
936,-15.3,35.6,3.0
937,-15.3,35.7,4.0
938,-15.3,36.1,1.0
939,13.6,32.4,1.0
940,13.6,32.7,2.0
941,13.6,32.9,1.0
942,13.6,38.1,2.0
943,13.6,38.2,3.0
944,13.6,38.3,1.0
945,2.6,31.9,1.0
946,-27.1,36.0,1.0
947,-27.1,36.2,3.0
948,-27.1,36.3,4.0
949,-27.1,36.4,5.0
950,-27.1,36.5,1.0
951,-27.1,36.6,5.0
952,-27.1,36.7,5.0
953,-27.1,36.8,4.0
954,-27.1,36.9,4.0
955,-27.1,37.0,1.0
956,-27.1,37.1,1.0
957,9.9,31.9,1.0
958,9.9,32.1,1.0
959,9.9,39.5,1.0
960,-28.1,36.2,2.0
961,-28.1,36.3,5.0
962,-28.1,36.4,2.0
963,-28.1,36.5,1.0
964,-28.1,36.6,5.0
965,-28.1,36.7,4.0
966,-28.1,36.8,5.0
967,-28.1,36.9,5.0
968,-28.1,37.2,1.0
969,-28.1,37.3,1.0
970,-28.4,36.2,4.0
971,-28.4,36.3,4.0
972,-28.4,36.4,4.0
973,-28.4,36.5,2.0
974,-28.4,36.6,4.0
975,-28.4,36.7,5.0
976,-28.4,36.8,4.0
977,-28.4,36.9,5.0
978,-28.4,37.0,1.0
979,-28.4,37.1,1.0
980,-28.4,37.3,1.0
981,-12.0,34.6,1.0
982,-12.0,35.2,2.0
983,-12.0,35.3,1.0
984,-12.0,35.4,4.0
985,-12.0,35.5,1.0
986,-12.0,35.6,4.0
987,-12.0,35.7,3.0
988,-12.0,35.8,2.0
989,-12.0,35.9,1.0
990,-12.0,36.0,5.0
991,-12.0,36.1,4.0
992,19.4,37.2,1.0
993,-17.6,34.6,2.0
994,-17.6,34.7,1.0
995,-17.6,34.8,2.0
996,-17.6,34.9,5.0
997,-17.6,35.0,5.0
998,-17.6,35.1,5.0
999,-17.6,35.2,5.0
1000,-17.6,35.3,5.0
1001,-17.6,35.4,4.0
1002,-17.6,35.5,3.0
1003,-17.6,35.6,3.0
1004,-17.6,35.7,4.0
1005,-36.6,36.0,1.0
1006,-15.1,34.7,1.0
1007,-15.1,34.8,1.0
1008,-15.1,34.9,1.0
1009,-15.1,35.0,5.0
1010,-15.1,35.1,5.0
1011,-15.1,35.2,5.0
1012,-15.1,35.3,5.0
1013,-15.1,35.4,2.0
1014,-15.1,35.5,3.0
1015,-15.1,35.6,3.0
1016,-15.1,35.7,3.0
1017,7.3,31.5,1.0
1018,7.3,31.6,1.0
1019,7.3,31.8,1.0
1020,-26.1,35.8,1.0
1021,-26.1,36.0,1.0
1022,-26.1,36.1,1.0
1023,-26.1,36.2,5.0
1024,-26.1,36.3,5.0
1025,-26.1,36.4,5.0
1026,-26.1,36.5,5.0
1027,-26.1,36.6,3.0
1028,-26.1,36.7,3.0
1029,-26.1,36.8,5.0
1030,-26.1,36.9,4.0
1031,-26.1,37.4,1.0
1032,-11.8,35.6,1.0
1033,-11.8,35.8,4.0
1034,-11.8,35.9,1.0
1035,-11.8,36.0,3.0
1036,-11.8,36.1,2.0
1037,-11.8,36.3,1.0
1038,-19.2,34.6,3.0
1039,-19.2,34.7,2.0
1040,-19.2,34.8,1.0
1041,-19.2,34.9,1.0
1042,-19.2,35.0,4.0
1043,-19.2,35.1,5.0
1044,-19.2,35.2,5.0
1045,-19.2,35.3,5.0
1046,-19.2,35.4,5.0
1047,-19.2,35.5,5.0
1048,-19.2,35.6,2.0
1049,-19.2,35.7,3.0
1050,-19.2,36.0,1.0
1051,-19.2,36.5,1.0
1052,-16.2,34.6,3.0
1053,-16.2,34.7,2.0
1054,-16.2,34.8,1.0
1055,-16.2,34.9,2.0
1056,-16.2,35.0,5.0
1057,-16.2,35.1,5.0
1058,-16.2,35.2,5.0
1059,-16.2,35.3,5.0
1060,-16.2,35.4,3.0
1061,-16.2,35.5,3.0
1062,-16.2,35.6,4.0
1063,-16.2,35.7,4.0
1064,-32.7,35.0,1.0
1065,-34.4,35.5,1.0
1066,-34.4,35.7,1.0
1067,-34.4,35.9,1.0
1068,-34.4,39.3,1.0
1069,-0.9,32.9,1.0
1070,-10.2,36.2,1.0
1071,-33.6,36.0,1.0
1072,-26.7,36.2,4.0
1073,-26.7,36.3,4.0
1074,-26.7,36.4,3.0
1075,-26.7,36.5,4.0
1076,-26.7,36.6,5.0
1077,-26.7,36.7,5.0
1078,-26.7,36.8,4.0
1079,-26.7,36.9,5.0
1080,-26.7,37.3,1.0
1081,-37.0,35.8,1.0
1082,-37.0,36.5,1.0
1083,14.4,32.7,1.0
1084,14.4,32.8,1.0
1085,14.4,32.9,2.0
1086,14.4,33.2,1.0
1087,14.4,33.3,1.0
1088,14.4,38.2,1.0
1089,-35.8,35.6,1.0
1090,-35.8,37.6,1.0
1091,-35.8,39.8,1.0
1092,-35.8,39.9,1.0
1093,-28.3,36.2,3.0
1094,-28.3,36.3,2.0
1095,-28.3,36.4,4.0
1096,-28.3,36.5,1.0
1097,-28.3,36.6,5.0
1098,-28.3,36.7,5.0
1099,-28.3,36.8,5.0
1100,-28.3,36.9,5.0
1101,-28.3,37.0,1.0
1102,-28.3,37.1,1.0
1103,-28.3,37.3,2.0
1104,-33.1,35.4,1.0
1105,-33.1,37.2,1.0
1106,-32.1,34.1,1.0
1107,-32.1,34.5,1.0
1108,-32.1,34.6,1.0
1109,-32.1,35.4,1.0
1110,-32.1,35.7,1.0
1111,-36.4,35.9,1.0
1112,10.3,31.5,1.0
1113,10.3,32.2,1.0
1114,10.3,38.4,1.0
1115,10.3,38.5,1.0
1116,10.3,39.8,1.0
1117,8.9,31.9,1.0
1118,8.9,32.0,1.0
1119,8.9,32.1,1.0
1120,8.9,38.9,1.0
1121,8.9,39.0,1.0
1122,7.1,31.5,1.0
1123,7.1,31.7,1.0
1124,7.1,32.1,1.0
1125,-20.9,35.0,2.0
1126,-20.9,35.1,2.0
1127,-20.9,35.2,5.0
1128,-20.9,35.3,3.0
1129,-20.9,35.4,5.0
1130,-20.9,35.5,5.0
1131,-20.9,35.6,5.0
1132,-20.9,35.7,5.0
1133,-20.9,35.8,1.0
1134,-20.9,35.9,3.0
1135,-20.9,36.0,2.0
1136,-20.9,36.1,2.0
1137,10.6,31.9,1.0
1138,10.6,32.1,2.0
1139,10.6,38.1,1.0
1140,10.6,38.2,1.0
1141,10.6,38.5,3.0
1142,10.6,38.7,2.0
1143,-0.2,32.9,1.0
1144,-0.2,33.0,1.0
1145,-28.5,36.2,1.0
1146,-28.5,36.3,3.0
1147,-28.5,36.4,2.0
1148,-28.5,36.5,1.0
1149,-28.5,36.6,5.0
1150,-28.5,36.7,5.0
1151,-28.5,36.8,5.0
1152,-28.5,36.9,4.0
1153,-28.5,37.3,1.0
1154,-28.5,37.8,1.0
1155,-28.5,38.0,1.0
1156,-20.1,35.0,5.0
1157,-20.1,35.1,4.0
1158,-20.1,35.2,3.0
1159,-20.1,35.3,4.0
1160,-20.1,35.4,4.0
1161,-20.1,35.5,5.0
1162,-20.1,35.6,5.0
1163,-20.1,35.7,5.0
1164,-20.1,35.8,1.0
1165,-20.1,35.9,1.0
1166,-20.1,36.0,2.0
1167,-20.1,36.2,1.0
1168,13.3,32.4,1.0
1169,13.3,33.0,1.0
1170,13.3,38.3,4.0
1171,-25.2,35.8,2.0
1172,-25.2,35.9,1.0
1173,-25.2,36.1,2.0
1174,-25.2,36.2,5.0
1175,-25.2,36.3,5.0
1176,-25.2,36.4,5.0
1177,-25.2,36.5,4.0
1178,-25.2,36.6,5.0
1179,-25.2,36.7,4.0
1180,-25.2,36.8,4.0
1181,-25.2,36.9,4.0
1182,12.8,32.3,1.0
1183,12.8,32.4,1.0
1184,12.8,38.1,3.0
1185,12.8,38.2,3.0
1186,12.8,38.3,3.0
1187,12.8,38.4,5.0
1188,12.8,38.5,1.0
1189,12.8,38.6,2.0
1190,12.8,38.7,4.0
1191,0.7,32.4,1.0
1192,0.7,32.5,2.0
1193,-21.4,35.0,1.0
1194,-21.4,35.2,2.0
1195,-21.4,35.3,3.0
1196,-21.4,35.4,5.0
1197,-21.4,35.5,5.0
1198,-21.4,35.6,5.0
1199,-21.4,35.7,5.0
1200,-21.4,35.8,5.0
1201,-21.4,35.9,3.0
1202,-21.4,36.0,4.0
1203,-21.4,36.1,4.0
1204,-21.4,36.2,1.0
1205,-21.4,36.6,1.0
1206,-28.9,36.2,3.0
1207,-28.9,36.3,4.0
1208,-28.9,36.4,3.0
1209,-28.9,36.5,4.0
1210,-28.9,36.6,5.0
1211,-28.9,36.7,5.0
1212,-28.9,36.8,5.0
1213,-28.9,36.9,5.0
1214,-20.7,35.0,3.0
1215,-20.7,35.1,4.0
1216,-20.7,35.3,3.0
1217,-20.7,35.4,5.0
1218,-20.7,35.5,5.0
1219,-20.7,35.6,4.0
1220,-20.7,35.7,5.0
1221,-20.7,35.8,2.0
1222,-20.7,35.9,3.0
1223,-20.7,36.0,5.0
1224,-20.7,36.1,3.0
1225,-20.7,36.7,1.0
1226,-1.1,33.0,1.0
1227,14.7,32.8,1.0
1228,14.7,33.1,1.0
1229,14.7,33.3,1.0
1230,-20.5,35.0,4.0
1231,-20.5,35.1,5.0
1232,-20.5,35.2,4.0
1233,-20.5,35.3,1.0
1234,-20.5,35.4,5.0
1235,-20.5,35.5,5.0
1236,-20.5,35.6,5.0
1237,-20.5,35.7,5.0
1238,-20.5,35.8,1.0
1239,-20.5,35.9,4.0
1240,-20.5,36.0,1.0
1241,-20.5,36.1,4.0
1242,5.5,31.7,1.0
1243,5.5,31.8,1.0
1244,-18.0,34.6,3.0
1245,-18.0,34.7,2.0
1246,-18.0,34.8,2.0
1247,-18.0,34.9,4.0
1248,-18.0,35.0,5.0
1249,-18.0,35.1,5.0
1250,-18.0,35.2,5.0
1251,-18.0,35.3,5.0
1252,-18.0,35.4,1.0
1253,-18.0,35.5,3.0
1254,-18.0,35.6,3.0
1255,-18.0,35.7,5.0
1256,-27.8,36.2,3.0
1257,-27.8,36.3,2.0
1258,-27.8,36.4,4.0
1259,-27.8,36.5,2.0
1260,-27.8,36.6,5.0
1261,-27.8,36.7,5.0
1262,-27.8,36.8,5.0
1263,-27.8,36.9,4.0
1264,-27.8,37.2,1.0
1265,12.1,32.3,3.0
1266,12.1,32.4,1.0
1267,12.1,32.6,1.0
1268,12.1,38.0,1.0
1269,12.1,38.1,4.0
1270,12.1,38.2,2.0
1271,12.1,38.3,3.0
1272,12.1,38.4,5.0
1273,12.1,38.5,3.0
1274,12.1,38.6,4.0
1275,12.1,38.7,1.0
1276,12.1,38.8,4.0
1277,-10.1,36.6,1.0
1278,0.8,32.4,1.0
1279,-19.5,34.8,3.0
1280,-19.5,34.9,3.0
1281,-19.5,35.0,4.0
1282,-19.5,35.1,4.0
1283,-19.5,35.2,5.0
1284,-19.5,35.3,5.0
1285,-19.5,35.4,5.0
1286,-19.5,35.5,5.0
1287,-19.5,35.6,4.0
1288,-19.5,35.7,5.0
1289,-19.5,35.8,2.0
1290,-19.5,36.2,1.0
1291,-19.5,36.5,1.0
1292,4.8,31.6,1.0
1293,4.8,31.8,1.0
1294,-29.0,36.2,3.0
1295,-29.0,36.3,2.0
1296,-29.0,36.4,2.0
1297,-29.0,36.5,2.0
1298,-29.0,36.6,5.0
1299,-29.0,36.7,4.0
1300,-29.0,36.8,5.0
1301,-29.0,36.9,4.0
1302,-29.0,37.0,2.0
1303,-29.0,37.1,1.0
1304,-29.0,37.2,1.0
1305,-29.0,37.7,1.0
1306,-12.2,35.2,1.0
1307,-12.2,35.3,1.0
1308,-12.2,35.4,3.0
1309,-12.2,35.5,3.0
1310,-12.2,35.6,2.0
1311,-12.2,35.7,1.0
1312,-12.2,35.8,3.0
1313,-12.2,35.9,3.0
1314,-12.2,36.0,5.0
1315,-12.2,36.1,3.0
1316,-29.1,36.2,3.0
1317,-29.1,36.3,3.0
1318,-29.1,36.4,1.0
1319,-29.1,36.5,3.0
1320,-29.1,36.6,5.0
1321,-29.1,36.7,5.0
1322,-29.1,36.8,4.0
1323,-29.1,36.9,5.0
1324,-29.1,37.1,2.0
1325,-29.1,37.3,1.0
1326,-39.6,34.3,1.0
1327,4.1,31.9,2.0
1328,4.1,32.2,1.0
1329,-23.2,35.4,4.0
1330,-23.2,35.5,4.0
1331,-23.2,35.6,5.0
1332,-23.2,35.7,4.0
1333,-23.2,35.8,5.0
1334,-23.2,35.9,5.0
1335,-23.2,36.0,5.0
1336,-23.2,36.1,5.0
1337,-23.2,36.2,2.0
1338,-23.2,36.3,2.0
1339,-23.2,36.4,5.0
1340,-23.2,36.5,4.0
1341,-11.3,35.8,3.0
1342,-11.3,35.9,2.0
1343,-11.3,36.0,2.0
1344,-11.3,36.1,2.0
1345,-11.3,36.2,1.0
1346,-11.3,36.3,1.0
1347,-11.3,36.5,2.0
1348,-27.2,36.0,1.0
1349,-27.2,36.2,3.0
1350,-27.2,36.3,4.0
1351,-27.2,36.4,3.0
1352,-27.2,36.5,4.0
1353,-27.2,36.6,5.0
1354,-27.2,36.7,5.0
1355,-27.2,36.8,4.0
1356,-27.2,36.9,5.0
1357,-27.2,37.0,1.0
1358,-27.2,37.1,1.0
1359,-27.2,37.2,1.0
1360,-39.1,36.0,1.0
1361,-23.9,35.4,2.0
1362,-23.9,35.5,1.0
1363,-23.9,35.6,1.0
1364,-23.9,35.7,1.0
1365,-23.9,35.8,5.0
1366,-23.9,35.9,5.0
1367,-23.9,36.0,5.0
1368,-23.9,36.1,5.0
1369,-23.9,36.2,5.0
1370,-23.9,36.3,5.0
1371,-23.9,36.4,5.0
1372,-23.9,36.5,5.0
1373,-23.9,36.6,1.0
1374,-23.9,36.8,3.0
1375,-20.0,34.6,1.0
1376,-20.0,35.0,5.0
1377,-20.0,35.1,4.0
1378,-20.0,35.2,5.0
1379,-20.0,35.3,5.0
1380,-20.0,35.4,5.0
1381,-20.0,35.5,5.0
1382,-20.0,35.6,5.0
1383,-20.0,35.7,5.0
1384,-20.0,35.8,1.0
1385,-20.0,36.0,1.0
1386,-20.0,36.2,1.0
1387,13.5,32.3,1.0
1388,13.5,32.6,1.0
1389,13.5,38.3,1.0
1390,13.5,38.4,3.0
1391,9.7,32.1,1.0
1392,9.7,32.2,1.0
1393,9.7,39.1,1.0
1394,9.7,39.7,1.0
1395,9.7,39.9,1.0
1396,-35.1,35.5,1.0
1397,-35.1,35.6,1.0
1398,-35.1,35.9,1.0
1399,-35.1,36.3,1.0
1400,-35.1,39.8,1.0
1401,2.9,31.9,1.0
1402,2.9,32.0,2.0
1403,2.9,32.5,1.0
1404,-16.1,34.7,1.0
1405,-16.1,34.9,1.0
1406,-16.1,35.0,5.0
1407,-16.1,35.1,5.0
1408,-16.1,35.2,5.0
1409,-16.1,35.3,5.0
1410,-16.1,35.4,4.0
1411,-16.1,35.5,1.0
1412,-16.1,35.6,2.0
1413,-16.1,35.7,1.0
1414,-27.0,36.2,4.0
1415,-27.0,36.3,5.0
1416,-27.0,36.4,4.0
1417,-27.0,36.5,5.0
1418,-27.0,36.6,5.0
1419,-27.0,36.7,5.0
1420,-27.0,36.8,4.0
1421,-27.0,36.9,4.0
1422,-27.0,37.2,1.0
1423,11.0,31.9,1.0
1424,11.0,32.0,1.0
1425,11.0,38.2,1.0
1426,11.0,38.3,1.0
1427,11.0,38.4,2.0
1428,11.0,38.5,4.0
1429,11.0,38.6,2.0
1430,11.0,38.7,2.0
1431,11.0,38.8,2.0
1432,-34.5,36.0,1.0
1433,-34.5,37.3,1.0
1434,14.6,32.7,1.0
1435,14.6,32.8,1.0
1436,14.6,33.3,1.0
1437,12.5,32.6,2.0
1438,12.5,37.9,1.0
1439,12.5,38.0,1.0
1440,12.5,38.1,4.0
1441,12.5,38.2,3.0
1442,12.5,38.3,4.0
1443,12.5,38.4,4.0
1444,12.5,38.5,3.0
1445,12.5,38.6,3.0
1446,12.5,38.7,1.0
1447,12.5,38.8,3.0
1448,3.5,32.2,2.0
1449,7.6,31.6,1.0
1450,-22.6,35.3,2.0
1451,-22.6,35.4,4.0
1452,-22.6,35.5,4.0
1453,-22.6,35.6,4.0
1454,-22.6,35.7,5.0
1455,-22.6,35.8,5.0
1456,-22.6,35.9,5.0
1457,-22.6,36.0,5.0
1458,-22.6,36.1,5.0
1459,-22.6,36.2,4.0
1460,-22.6,36.3,3.0
1461,-22.6,36.4,2.0
1462,-22.6,36.5,3.0
1463,-22.6,36.8,1.0
1464,10.1,32.0,2.0
1465,10.1,32.2,1.0
1466,10.1,38.3,1.0
1467,-29.9,36.2,3.0
1468,-29.9,36.3,2.0
1469,-29.9,36.5,1.0
1470,-29.9,36.6,5.0
1471,-29.9,36.7,3.0
1472,-29.9,36.8,5.0
1473,-29.9,36.9,5.0
1474,-29.9,37.4,1.0
1475,-29.9,38.0,2.0
1476,-29.9,39.0,1.0
1477,-29.9,39.3,4.0
1478,-29.9,39.4,4.0
1479,-29.9,39.5,1.0
1480,-29.9,39.6,1.0
1481,-30.4,36.2,3.0
1482,-30.4,36.3,4.0
1483,-30.4,36.4,3.0
1484,-30.4,36.5,1.0
1485,-30.4,36.6,3.0
1486,-30.4,36.7,2.0
1487,-30.4,36.8,2.0
1488,-30.4,36.9,3.0
1489,-30.4,38.2,1.0
1490,-30.4,38.5,2.0
1491,-30.4,38.7,2.0
1492,-30.4,38.8,2.0
1493,-30.4,38.9,4.0
1494,-30.4,39.0,2.0
1495,-30.4,39.1,1.0
1496,-30.4,39.2,3.0
1497,-30.4,39.3,3.0
1498,-30.4,39.4,3.0
1499,-30.4,39.5,2.0
1500,-30.4,39.6,3.0
1501,-11.7,35.5,2.0
1502,-11.7,35.6,2.0
1503,-11.7,35.7,1.0
1504,-11.7,35.8,2.0
1505,-11.7,35.9,3.0
1506,-11.7,36.0,4.0
1507,-11.7,36.1,4.0
1508,-11.7,36.2,1.0
1509,-31.5,34.4,1.0
1510,-31.5,35.6,1.0
1511,6.8,31.5,1.0
1512,6.8,31.7,1.0
1513,6.8,31.8,1.0
1514,-20.6,35.0,3.0
1515,-20.6,35.1,5.0
1516,-20.6,35.2,4.0
1517,-20.6,35.3,4.0
1518,-20.6,35.4,5.0
1519,-20.6,35.5,5.0
1520,-20.6,35.6,5.0
1521,-20.6,35.7,5.0
1522,-20.6,35.8,3.0
1523,-20.6,35.9,2.0
1524,-20.6,36.0,4.0
1525,-20.6,36.1,1.0
1526,-20.6,36.6,1.0
1527,-31.0,36.2,5.0
1528,-31.0,36.3,4.0
1529,-31.0,36.4,5.0
1530,-31.0,36.5,3.0
1531,-31.0,36.6,2.0
1532,-31.0,36.7,4.0
1533,-31.0,36.8,3.0
1534,-31.0,36.9,1.0
1535,-31.0,37.1,1.0
1536,-31.0,37.5,1.0
1537,-31.0,37.7,1.0
1538,-31.0,37.8,1.0
1539,-31.0,38.0,1.0
1540,-31.0,38.1,3.0
1541,-31.0,38.2,2.0
1542,-31.0,38.3,1.0
1543,-31.0,38.4,2.0
1544,-31.0,38.5,2.0
1545,-31.0,38.6,4.0
1546,-31.0,38.7,4.0
1547,-31.0,38.8,3.0
1548,-31.0,38.9,2.0
1549,-31.0,39.0,4.0
1550,-31.0,39.1,2.0
1551,-31.0,39.2,4.0
1552,-31.0,39.3,2.0
1553,-31.0,39.4,3.0
1554,-31.0,39.5,3.0
1555,-31.0,39.6,2.0
1556,-14.3,34.6,1.0
1557,-14.3,34.7,3.0
1558,-14.3,34.8,2.0
1559,-14.3,34.9,2.0
1560,-14.3,35.0,5.0
1561,-14.3,35.1,5.0
1562,-14.3,35.2,4.0
1563,-14.3,35.3,5.0
1564,-14.3,35.4,2.0
1565,-14.3,35.5,5.0
1566,-14.3,35.6,5.0
1567,-14.3,35.7,5.0
1568,-14.3,36.0,1.0
1569,-14.3,36.1,1.0
1570,-34.2,35.5,1.0
1571,-34.2,36.1,1.0
1572,-22.1,35.0,1.0
1573,-22.1,35.3,1.0
1574,-22.1,35.4,5.0
1575,-22.1,35.5,5.0
1576,-22.1,35.6,5.0
1577,-22.1,35.7,4.0
1578,-22.1,35.8,5.0
1579,-22.1,35.9,5.0
1580,-22.1,36.0,5.0
1581,-22.1,36.1,5.0
1582,-22.1,36.2,2.0
1583,-22.1,36.3,1.0
1584,-22.1,36.4,1.0
1585,-22.1,37.3,1.0
1586,-21.7,35.1,1.0
1587,-21.7,35.2,1.0
1588,-21.7,35.3,1.0
1589,-21.7,35.4,5.0
1590,-21.7,35.5,5.0
1591,-21.7,35.6,4.0
1592,-21.7,35.7,5.0
1593,-21.7,35.8,5.0
1594,-21.7,35.9,5.0
1595,-21.7,36.0,5.0
1596,-21.7,36.1,5.0
1597,-21.7,36.3,1.0
1598,-21.7,36.4,1.0
1599,-21.7,36.5,1.0
1600,-37.3,35.8,1.0
1601,-37.3,36.5,1.0
1602,-37.3,37.5,1.0
1603,5.7,31.6,2.0
1604,0.3,32.3,1.0
1605,0.3,32.4,1.0
1606,0.3,32.7,1.0
1607,0.3,33.0,1.0
1608,-0.5,32.3,1.0
1609,-0.5,32.4,1.0
1610,-22.8,35.4,5.0
1611,-22.8,35.5,4.0
1612,-22.8,35.6,3.0
1613,-22.8,35.7,5.0
1614,-22.8,35.8,5.0
1615,-22.8,35.9,5.0
1616,-22.8,36.0,5.0
1617,-22.8,36.1,5.0
1618,-22.8,36.2,3.0
1619,-22.8,36.3,5.0
1620,-22.8,36.4,4.0
1621,-22.8,37.3,1.0
1622,-37.2,37.0,1.0
1623,-37.2,37.4,1.0
1624,-37.2,39.7,1.0
1625,-19.1,34.6,2.0
1626,-19.1,34.8,1.0
1627,-19.1,35.0,5.0
1628,-19.1,35.1,5.0
1629,-19.1,35.2,5.0
1630,-19.1,35.3,4.0
1631,-19.1,35.4,4.0
1632,-19.1,35.5,5.0
1633,-19.1,35.6,5.0
1634,-19.1,35.7,5.0
1635,-18.2,34.6,1.0
1636,-18.2,34.7,1.0
1637,-18.2,34.8,2.0
1638,-18.2,34.9,2.0
1639,-18.2,35.0,5.0
1640,-18.2,35.1,5.0
1641,-18.2,35.2,5.0
1642,-18.2,35.3,5.0
1643,-18.2,35.4,4.0
1644,-18.2,35.5,3.0
1645,-18.2,35.6,4.0
1646,-18.2,35.7,3.0
1647,-18.2,35.9,1.0
1648,-18.2,36.0,1.0
1649,-18.2,36.1,1.0
1650,2.7,31.9,1.0
1651,2.7,32.1,1.0
1652,2.7,32.2,1.0
1653,11.8,32.4,1.0
1654,11.8,37.8,1.0
1655,11.8,38.1,2.0
1656,11.8,38.2,3.0
1657,11.8,38.3,4.0
1658,11.8,38.4,4.0
1659,11.8,38.5,4.0
1660,11.8,38.6,3.0
1661,11.8,38.7,5.0
1662,11.8,38.8,2.0
1663,11.8,39.1,1.0
1664,12.7,32.5,2.0
1665,12.7,37.8,1.0
1666,12.7,38.1,3.0
1667,12.7,38.2,3.0
1668,12.7,38.3,1.0
1669,12.7,38.4,4.0
1670,12.7,38.5,1.0
1671,12.7,38.8,1.0
1672,1.6,32.4,2.0
1673,1.6,32.5,2.0
1674,-15.8,34.7,1.0
1675,-15.8,34.8,1.0
1676,-15.8,34.9,1.0
1677,-15.8,35.0,5.0
1678,-15.8,35.1,5.0
1679,-15.8,35.2,5.0
1680,-15.8,35.3,5.0
1681,-15.8,35.4,3.0
1682,-15.8,35.5,5.0
1683,-15.8,35.6,3.0
1684,-15.8,35.7,4.0
1685,-15.8,35.8,1.0
1686,-10.6,36.2,1.0
1687,-10.6,36.4,2.0
1688,-20.2,35.0,4.0
1689,-20.2,35.1,3.0
1690,-20.2,35.2,3.0
1691,-20.2,35.3,5.0
1692,-20.2,35.4,5.0
1693,-20.2,35.5,5.0
1694,-20.2,35.6,5.0
1695,-20.2,35.7,5.0
1696,-20.2,35.9,2.0
1697,-20.2,36.0,1.0
1698,-36.7,39.7,1.0
1699,-36.7,39.9,1.0
1700,3.7,32.0,1.0
1701,3.7,32.1,1.0
1702,3.7,32.2,1.0
1703,-34.7,35.4,1.0
1704,-34.7,35.7,1.0
1705,-34.7,35.8,1.0
1706,-34.7,36.3,1.0
1707,-34.7,37.2,1.0
1708,-34.7,39.4,1.0
1709,-34.7,39.5,1.0
1710,-11.4,35.8,2.0
1711,-11.4,35.9,2.0
1712,-11.4,36.0,2.0
1713,-11.4,36.1,2.0
1714,-11.4,36.3,2.0
1715,-11.4,36.4,1.0
1716,-19.4,34.7,1.0
1717,-19.4,35.0,4.0
1718,-19.4,35.1,4.0
1719,-19.4,35.2,5.0
1720,-19.4,35.3,4.0
1721,-19.4,35.4,4.0
1722,-19.4,35.5,5.0
1723,-19.4,35.6,5.0
1724,-19.4,35.7,5.0
1725,-19.4,35.8,2.0
1726,-19.4,36.0,1.0
1727,-11.2,35.8,1.0
1728,-11.2,35.9,2.0
1729,-11.2,36.0,4.0
1730,-11.2,36.2,1.0
1731,-11.2,36.4,1.0
1732,-31.6,34.6,1.0
1733,-31.6,35.0,1.0
1734,-31.6,35.1,1.0
1735,-31.6,36.1,1.0
1736,-31.6,37.3,1.0
1737,-13.3,34.8,1.0
1738,-13.3,35.0,5.0
1739,-13.3,35.1,5.0
1740,-13.3,35.2,4.0
1741,-13.3,35.3,3.0
1742,-13.3,35.4,5.0
1743,-13.3,35.5,5.0
1744,-13.3,35.6,5.0
1745,-13.3,35.7,5.0
1746,-13.3,35.8,1.0
1747,-13.3,36.0,3.0
1748,-26.2,35.8,2.0
1749,-26.2,35.9,3.0
1750,-26.2,36.2,5.0
1751,-26.2,36.3,5.0
1752,-26.2,36.4,5.0
1753,-26.2,36.5,5.0
1754,-26.2,36.6,4.0
1755,-26.2,36.7,5.0
1756,-26.2,36.8,5.0
1757,-26.2,36.9,2.0
1758,-26.2,37.3,1.0
1759,17.7,38.6,1.0
1760,17.7,39.0,1.0
1761,17.7,39.6,1.0
1762,-10.4,36.4,2.0
1763,-10.4,36.6,1.0
1764,-17.8,34.6,3.0
1765,-17.8,34.9,1.0
1766,-17.8,35.0,5.0
1767,-17.8,35.1,5.0
1768,-17.8,35.2,5.0
1769,-17.8,35.3,5.0
1770,-17.8,35.4,4.0
1771,-17.8,35.5,3.0
1772,-17.8,35.6,3.0
1773,-17.8,35.7,4.0
1774,-17.8,36.0,1.0
1775,-26.4,35.9,1.0
1776,-26.4,36.0,3.0
1777,-26.4,36.2,3.0
1778,-26.4,36.3,5.0
1779,-26.4,36.4,5.0
1780,-26.4,36.5,5.0
1781,-26.4,36.6,3.0
1782,-26.4,36.7,3.0
1783,-26.4,36.8,4.0
1784,-26.4,36.9,5.0
1785,-26.4,37.2,1.0
1786,1.3,32.3,1.0
1787,1.3,32.4,4.0
1788,1.3,32.5,1.0
1789,-38.9,35.0,1.0
1790,-22.3,35.0,1.0
1791,-22.3,35.1,1.0
1792,-22.3,35.4,4.0
1793,-22.3,35.5,5.0
1794,-22.3,35.6,4.0
1795,-22.3,35.7,4.0
1796,-22.3,35.8,5.0
1797,-22.3,35.9,5.0
1798,-22.3,36.0,5.0
1799,-22.3,36.1,5.0
1800,-22.3,36.2,2.0
1801,-22.3,36.3,3.0
1802,-22.3,36.4,1.0
1803,-22.3,36.5,1.0
1804,-22.3,37.0,2.0
1805,-22.3,37.1,1.0
1806,-22.3,37.2,1.0
1807,-36.2,36.7,1.0
1808,-36.2,39.8,1.0
1809,12.4,32.4,1.0
1810,12.4,32.5,2.0
1811,12.4,37.9,1.0
1812,12.4,38.0,1.0
1813,12.4,38.1,4.0
1814,12.4,38.2,2.0
1815,12.4,38.3,5.0
1816,12.4,38.4,3.0
1817,12.4,38.5,2.0
1818,12.4,38.6,2.0
1819,12.4,38.7,3.0
1820,12.4,38.8,1.0
1821,-1.5,32.8,1.0
1822,-1.5,32.9,1.0
1823,10.9,32.0,2.0
1824,10.9,38.1,1.0
1825,10.9,38.3,3.0
1826,10.9,38.4,1.0
1827,10.9,38.5,1.0
1828,10.9,38.6,1.0
1829,10.9,38.7,3.0
1830,10.9,38.8,3.0
1831,-23.3,35.4,5.0
1832,-23.3,35.5,4.0
1833,-23.3,35.6,2.0
1834,-23.3,35.7,4.0
1835,-23.3,35.8,5.0
1836,-23.3,35.9,5.0
1837,-23.3,36.0,5.0
1838,-23.3,36.1,5.0
1839,-23.3,36.2,4.0
1840,-23.3,36.3,4.0
1841,-23.3,36.4,4.0
1842,-23.3,36.5,5.0
1843,-23.3,36.8,1.0
1844,-23.3,37.4,1.0
1845,-25.7,35.8,1.0
1846,-25.7,35.9,1.0
1847,-25.7,36.0,2.0
1848,-25.7,36.1,4.0
1849,-25.7,36.2,5.0
1850,-25.7,36.3,5.0
1851,-25.7,36.4,5.0
1852,-25.7,36.5,5.0
1853,-25.7,36.6,5.0
1854,-25.7,36.7,4.0
1855,-25.7,36.8,4.0
1856,-25.7,36.9,3.0
1857,-25.7,37.3,1.0
1858,-25.7,37.5,1.0
1859,-15.0,34.6,2.0
1860,-15.0,34.7,1.0
1861,-15.0,34.8,1.0
1862,-15.0,34.9,1.0
1863,-15.0,35.0,5.0
1864,-15.0,35.1,5.0
1865,-15.0,35.2,5.0
1866,-15.0,35.3,5.0
1867,-15.0,35.4,2.0
1868,-15.0,35.5,4.0
1869,-15.0,35.6,4.0
1870,-15.0,35.7,3.0
1871,-15.0,35.8,1.0
1872,3.0,31.9,1.0
1873,3.0,32.0,1.0
1874,3.0,32.1,1.0
1875,15.4,33.3,1.0
1876,-31.2,35.3,1.0
1877,-31.2,35.8,1.0
1878,-31.2,36.0,2.0
1879,-31.2,36.1,1.0
1880,-31.2,36.2,1.0
1881,-31.2,36.3,1.0
1882,-31.2,36.5,3.0
1883,-31.2,36.7,1.0
1884,-31.2,37.4,1.0
1885,-31.2,37.5,1.0
1886,-31.2,37.7,1.0
1887,-31.2,37.8,1.0
1888,-31.2,37.9,2.0
1889,-31.2,38.0,2.0
1890,-31.2,38.1,2.0
1891,-31.2,38.2,1.0
1892,-31.2,38.3,2.0
1893,-31.2,38.4,2.0
1894,-31.2,38.5,1.0
1895,-31.2,38.7,2.0
1896,-31.2,38.8,1.0
1897,-31.2,38.9,1.0
1898,-31.2,39.0,2.0
1899,-25.1,35.8,4.0
1900,-25.1,35.9,3.0
1901,-25.1,36.0,1.0
1902,-25.1,36.1,2.0
1903,-25.1,36.2,5.0
1904,-25.1,36.3,5.0
1905,-25.1,36.4,5.0
1906,-25.1,36.5,5.0
1907,-25.1,36.6,5.0
1908,-25.1,36.7,1.0
1909,-25.1,36.8,1.0
1910,-25.1,36.9,1.0
1911,-9.6,36.4,1.0
1912,15.3,33.3,1.0
1913,1.5,32.5,1.0
1914,1.5,32.6,1.0
1915,-33.7,36.6,1.0
1916,-29.7,35.9,1.0
1917,-29.7,36.2,3.0
1918,-29.7,36.3,2.0
1919,-29.7,36.4,2.0
1920,-29.7,36.5,1.0
1921,-29.7,36.6,4.0
1922,-29.7,36.7,5.0
1923,-29.7,36.8,5.0
1924,-29.7,36.9,5.0
1925,-29.7,37.7,1.0
1926,-29.7,37.9,1.0
1927,-29.7,38.3,1.0
1928,-29.7,39.3,2.0
1929,-29.7,39.6,1.0
1930,-29.7,39.7,1.0
1931,-23.5,35.4,4.0
1932,-23.5,35.5,3.0
1933,-23.5,35.6,4.0
1934,-23.5,35.7,1.0
1935,-23.5,35.8,5.0
1936,-23.5,35.9,5.0
1937,-23.5,36.0,5.0
1938,-23.5,36.1,5.0
1939,-23.5,36.2,4.0
1940,-23.5,36.3,3.0
1941,-23.5,36.4,4.0
1942,-23.5,36.5,4.0
1943,-23.5,36.9,1.0
1944,-33.9,35.4,1.0
1945,-33.9,35.8,1.0
1946,-33.9,35.9,1.0
1947,-19.8,34.8,1.0
1948,-19.8,35.0,5.0
1949,-19.8,35.1,5.0
1950,-19.8,35.2,5.0
1951,-19.8,35.3,4.0
1952,-19.8,35.4,5.0
1953,-19.8,35.5,5.0
1954,-19.8,35.6,5.0
1955,-19.8,35.7,5.0
1956,-19.8,35.8,2.0
1957,-19.8,35.9,1.0
1958,-19.8,36.0,2.0
1959,-19.8,36.1,2.0
1960,-13.0,35.0,3.0
1961,-13.0,35.1,3.0
1962,-13.0,35.2,4.0
1963,-13.0,35.3,1.0
1964,-13.0,35.4,5.0
1965,-13.0,35.5,4.0
1966,-13.0,35.6,5.0
1967,-13.0,35.7,5.0
1968,-13.0,35.8,4.0
1969,-13.0,35.9,2.0
1970,-13.0,36.0,2.0
1971,-13.0,36.1,3.0
1972,4.7,31.8,1.0
1973,4.7,31.9,1.0
1974,-20.4,34.6,1.0
1975,-20.4,35.0,3.0
1976,-20.4,35.1,3.0
1977,-20.4,35.2,5.0
1978,-20.4,35.3,5.0
1979,-20.4,35.4,5.0
1980,-20.4,35.5,5.0
1981,-20.4,35.6,5.0
1982,-20.4,35.7,5.0
1983,-20.4,35.9,2.0
1984,-20.4,36.0,3.0
1985,-20.4,36.1,3.0
1986,-20.4,36.9,1.0
1987,11.9,32.0,1.0
1988,11.9,37.9,2.0
1989,11.9,38.0,1.0
1990,11.9,38.1,3.0
1991,11.9,38.2,4.0
1992,11.9,38.3,2.0
1993,11.9,38.4,2.0
1994,11.9,38.5,3.0
1995,11.9,38.6,4.0
1996,11.9,38.7,2.0
1997,11.9,38.8,2.0
1998,13.9,32.8,1.0
1999,13.9,33.0,1.0
2000,13.9,38.1,1.0
2001,13.9,38.2,1.0
2002,13.9,38.3,1.0
2003,-31.7,34.7,1.0
2004,-31.7,34.8,1.0
2005,-31.7,35.9,2.0
2006,-31.7,36.0,1.0
2007,-31.7,37.7,1.0
2008,-31.7,38.0,1.0
2009,-23.1,35.4,5.0
2010,-23.1,35.5,2.0
2011,-23.1,35.6,4.0
2012,-23.1,35.7,4.0
2013,-23.1,35.8,5.0
2014,-23.1,35.9,5.0
2015,-23.1,36.0,5.0
2016,-23.1,36.1,5.0
2017,-23.1,36.2,5.0
2018,-23.1,36.3,3.0
2019,-23.1,36.4,5.0
2020,-23.1,36.5,3.0
2021,23.9,38.3,1.0
2022,-16.4,34.6,1.0
2023,-16.4,34.7,1.0
2024,-16.4,34.8,1.0
2025,-16.4,34.9,2.0
2026,-16.4,35.0,5.0
2027,-16.4,35.1,5.0
2028,-16.4,35.2,5.0
2029,-16.4,35.3,5.0
2030,-16.4,35.4,4.0
2031,-16.4,35.5,2.0
2032,-16.4,35.6,3.0
2033,-16.4,35.7,5.0
2034,17.6,38.1,1.0
2035,17.6,38.9,2.0
2036,17.6,39.1,1.0
2037,17.6,39.2,1.0
2038,17.6,39.4,1.0
2039,17.6,39.5,1.0
2040,17.6,39.6,1.0
2041,-24.1,35.5,1.0
2042,-24.1,35.6,3.0
2043,-24.1,35.7,1.0
2044,-24.1,35.8,5.0
2045,-24.1,35.9,4.0
2046,-24.1,36.0,5.0
2047,-24.1,36.1,4.0
2048,-24.1,36.2,5.0
2049,-24.1,36.3,5.0
2050,-24.1,36.4,5.0
2051,-24.1,36.5,5.0
2052,-24.1,36.6,3.0
2053,-24.1,36.7,1.0
2054,-24.1,36.8,1.0
2055,-24.1,36.9,1.0
2056,-24.1,37.5,1.0
2057,4.6,31.8,1.0
2058,4.6,31.9,1.0
2059,4.6,32.0,1.0
2060,4.6,32.1,1.0
2061,-25.5,35.8,2.0
2062,-25.5,35.9,2.0
2063,-25.5,36.0,4.0
2064,-25.5,36.1,3.0
2065,-25.5,36.2,5.0
2066,-25.5,36.3,5.0
2067,-25.5,36.4,5.0
2068,-25.5,36.5,5.0
2069,-25.5,36.6,4.0
2070,-25.5,36.7,4.0
2071,-25.5,36.8,2.0
2072,-25.5,36.9,4.0
2073,-25.5,37.4,1.0
2074,-32.3,36.7,1.0
2075,-32.6,34.2,1.0
2076,-32.6,35.8,1.0
2077,-32.6,36.1,1.0
2078,15.9,33.4,1.0
2079,15.9,33.7,1.0
2080,10.0,32.2,1.0
2081,10.0,39.5,2.0
2082,-26.3,35.8,1.0
2083,-26.3,36.0,1.0
2084,-26.3,36.1,2.0
2085,-26.3,36.2,5.0
2086,-26.3,36.3,5.0
2087,-26.3,36.4,5.0
2088,-26.3,36.5,5.0
2089,-26.3,36.6,4.0
2090,-26.3,36.7,5.0
2091,-26.3,36.8,4.0
2092,-26.3,36.9,4.0
2093,-33.4,35.4,1.0
2094,-33.4,36.1,1.0
2095,11.4,32.2,2.0
2096,11.4,37.7,1.0
2097,11.4,38.1,2.0
2098,11.4,38.2,1.0
2099,11.4,38.3,2.0
2100,11.4,38.4,3.0
2101,11.4,38.5,4.0
2102,11.4,38.6,1.0
2103,11.4,38.7,2.0
2104,11.4,38.8,2.0
2105,11.4,38.9,1.0
2106,11.4,39.1,1.0
2107,-12.8,35.0,3.0
2108,-12.8,35.1,1.0
2109,-12.8,35.2,4.0
2110,-12.8,35.3,5.0
2111,-12.8,35.4,5.0
2112,-12.8,35.5,5.0
2113,-12.8,35.6,5.0
2114,-12.8,35.7,5.0
2115,-12.8,35.8,1.0
2116,-12.8,35.9,1.0
2117,-12.8,36.0,1.0
2118,-12.8,36.1,3.0
2119,13.0,32.4,1.0
2120,13.0,32.5,1.0
2121,13.0,32.6,2.0
2122,13.0,37.7,1.0
2123,13.0,37.9,1.0
2124,13.0,38.0,1.0
2125,13.0,38.1,3.0
2126,13.0,38.2,3.0
2127,13.0,38.3,4.0
2128,13.0,38.4,2.0
2129,13.0,38.6,2.0
2130,-29.6,36.2,4.0
2131,-29.6,36.3,2.0
2132,-29.6,36.4,2.0
2133,-29.6,36.5,3.0
2134,-29.6,36.6,5.0
2135,-29.6,36.7,4.0
2136,-29.6,36.8,5.0
2137,-29.6,36.9,5.0
2138,-29.6,37.2,1.0
2139,-29.6,37.9,1.0
2140,-29.6,38.0,1.0
2141,-29.6,39.3,2.0
2142,-29.6,39.6,1.0
2143,-29.6,39.8,1.0
2144,-21.6,35.0,3.0
2145,-21.6,35.1,1.0
2146,-21.6,35.2,2.0
2147,-21.6,35.3,1.0
2148,-21.6,35.4,5.0
2149,-21.6,35.5,5.0
2150,-21.6,35.6,5.0
2151,-21.6,35.7,5.0
2152,-21.6,35.8,4.0
2153,-21.6,35.9,3.0
2154,-21.6,36.0,5.0
2155,-21.6,36.1,5.0
2156,-21.6,36.2,1.0
2157,-21.6,36.9,2.0
2158,11.6,37.9,2.0
2159,11.6,38.1,2.0
2160,11.6,38.2,3.0
2161,11.6,38.3,4.0
2162,11.6,38.4,5.0
2163,11.6,38.5,3.0
2164,11.6,38.6,4.0
2165,11.6,38.7,3.0
2166,11.6,38.8,3.0
2167,-25.4,35.8,2.0
2168,-25.4,35.9,4.0
2169,-25.4,36.0,2.0
2170,-25.4,36.1,5.0
2171,-25.4,36.2,5.0
2172,-25.4,36.3,5.0
2173,-25.4,36.4,5.0
2174,-25.4,36.5,5.0
2175,-25.4,36.6,4.0
2176,-25.4,36.7,3.0
2177,-25.4,36.8,2.0
2178,-25.4,36.9,4.0
2179,-19.7,34.8,1.0
2180,-19.7,35.0,5.0
2181,-19.7,35.1,5.0
2182,-19.7,35.2,5.0
2183,-19.7,35.3,5.0
2184,-19.7,35.4,5.0
2185,-19.7,35.5,5.0
2186,-19.7,35.6,4.0
2187,-19.7,35.7,5.0
2188,-19.7,35.8,2.0
2189,-19.7,35.9,1.0
2190,-19.7,36.0,1.0
2191,-19.7,36.1,1.0
2192,2.8,32.1,1.0
2193,-30.8,36.2,3.0
2194,-30.8,36.3,2.0
2195,-30.8,36.4,5.0
2196,-30.8,36.5,5.0
2197,-30.8,36.6,1.0
2198,-30.8,36.7,3.0
2199,-30.8,36.8,1.0
2200,-30.8,37.4,1.0
2201,-30.8,37.9,1.0
2202,-30.8,38.0,1.0
2203,-30.8,38.1,2.0
2204,-30.8,38.3,3.0
2205,-30.8,38.4,2.0
2206,-30.8,38.5,2.0
2207,-30.8,38.6,3.0
2208,-30.8,38.7,4.0
2209,-30.8,38.8,4.0
2210,-30.8,38.9,5.0
2211,-30.8,39.0,4.0
2212,-30.8,39.1,4.0
2213,-30.8,39.2,2.0
2214,-30.8,39.3,1.0
2215,-30.8,39.4,1.0
2216,-30.8,39.5,3.0
2217,-30.8,39.6,2.0
2218,-30.8,39.9,1.0
2219,-28.8,36.2,2.0
2220,-28.8,36.3,2.0
2221,-28.8,36.4,3.0
2222,-28.8,36.5,3.0
2223,-28.8,36.6,5.0
2224,-28.8,36.7,4.0
2225,-28.8,36.8,5.0
2226,-28.8,36.9,4.0
2227,-28.8,37.0,1.0
2228,-28.8,37.2,3.0
2229,-28.8,37.3,3.0
2230,6.9,31.6,1.0
2231,6.9,31.8,1.0
2232,-36.3,35.5,1.0
2233,-36.3,35.8,1.0
2234,-36.3,36.3,1.0
2235,-36.3,39.7,1.0
2236,-15.5,34.6,2.0
2237,-15.5,34.7,2.0
2238,-15.5,34.8,2.0
2239,-15.5,34.9,1.0
2240,-15.5,35.0,5.0
2241,-15.5,35.1,5.0
2242,-15.5,35.2,4.0
2243,-15.5,35.3,5.0
2244,-15.5,35.4,4.0
2245,-15.5,35.5,5.0
2246,-15.5,35.6,3.0
2247,-15.5,35.7,5.0
2248,13.4,32.3,1.0
2249,13.4,32.5,1.0
2250,13.4,37.7,1.0
2251,13.4,38.1,1.0
2252,13.4,38.2,1.0
2253,13.4,38.4,2.0
2254,13.4,38.5,1.0
2255,13.4,38.6,1.0
2256,3.1,32.0,1.0
2257,3.1,32.2,2.0
2258,12.9,32.3,1.0
2259,12.9,32.4,1.0
2260,12.9,38.1,2.0
2261,12.9,38.2,2.0
2262,12.9,38.3,2.0
2263,12.9,38.4,4.0
2264,12.9,38.5,2.0
2265,12.9,38.8,2.0
2266,-29.4,36.2,4.0
2267,-29.4,36.3,3.0
2268,-29.4,36.4,3.0
2269,-29.4,36.5,1.0
2270,-29.4,36.6,5.0
2271,-29.4,36.7,4.0
2272,-29.4,36.8,5.0
2273,-29.4,36.9,5.0
2274,-29.4,37.3,1.0
2275,-29.4,39.4,1.0
2276,-36.0,37.3,1.0
2277,-36.0,37.5,1.0
2278,-36.0,39.9,1.0
2279,-10.9,35.9,1.0
2280,-10.9,36.1,1.0
2281,-10.9,36.4,1.0
2282,-10.9,36.5,1.0
2283,-13.1,34.6,1.0
2284,-13.1,34.9,1.0
2285,-13.1,35.0,4.0
2286,-13.1,35.1,3.0
2287,-13.1,35.2,3.0
2288,-13.1,35.3,5.0
2289,-13.1,35.4,4.0
2290,-13.1,35.5,5.0
2291,-13.1,35.6,5.0
2292,-13.1,35.7,5.0
2293,-13.1,35.8,2.0
2294,-13.1,35.9,3.0
2295,-13.1,36.0,2.0
2296,-13.1,36.4,1.0
2297,-24.7,35.4,1.0
2298,-24.7,35.6,1.0
2299,-24.7,35.8,5.0
2300,-24.7,35.9,3.0
2301,-24.7,36.0,5.0
2302,-24.7,36.1,3.0
2303,-24.7,36.2,5.0
2304,-24.7,36.3,5.0
2305,-24.7,36.4,5.0
2306,-24.7,36.5,5.0
2307,-24.7,36.6,3.0
2308,-24.7,36.7,2.0
2309,-24.7,36.8,3.0
2310,-24.7,36.9,3.0
2311,-24.7,37.5,1.0
2312,-24.6,35.8,5.0
2313,-24.6,35.9,4.0
2314,-24.6,36.0,5.0
2315,-24.6,36.1,3.0
2316,-24.6,36.2,5.0
2317,-24.6,36.3,5.0
2318,-24.6,36.4,5.0
2319,-24.6,36.5,5.0
2320,-24.6,36.6,1.0
2321,-24.6,36.7,2.0
2322,-24.6,36.8,3.0
2323,-24.6,36.9,3.0
2324,8.2,32.1,1.0
2325,8.2,32.2,1.0
2326,4.3,32.0,1.0
2327,4.3,32.1,1.0
2328,5.3,31.5,1.0
2329,5.3,31.6,1.0
2330,5.3,32.1,1.0
2331,-11.9,35.3,1.0
2332,-11.9,35.8,4.0
2333,-11.9,35.9,5.0
2334,-11.9,36.0,3.0
2335,-11.9,36.1,2.0
2336,-16.0,34.6,2.0
2337,-16.0,34.7,1.0
2338,-16.0,34.9,4.0
2339,-16.0,35.0,5.0
2340,-16.0,35.1,5.0
2341,-16.0,35.2,5.0
2342,-16.0,35.3,5.0
2343,-16.0,35.4,5.0
2344,-16.0,35.5,4.0
2345,-16.0,35.6,2.0
2346,-16.0,35.7,4.0
2347,-16.0,36.1,1.0
2348,7.9,31.8,1.0
2349,7.9,32.1,1.0
2350,-12.9,34.6,1.0
2351,-12.9,34.9,1.0
2352,-12.9,35.0,3.0
2353,-12.9,35.1,2.0
2354,-12.9,35.2,3.0
2355,-12.9,35.3,2.0
2356,-12.9,35.4,5.0
2357,-12.9,35.5,4.0
2358,-12.9,35.6,5.0
2359,-12.9,35.7,5.0
2360,-12.9,35.8,3.0
2361,-12.9,35.9,1.0
2362,-12.9,36.0,2.0
2363,-12.9,36.1,1.0
2364,-30.1,36.2,1.0
2365,-30.1,36.3,1.0
2366,-30.1,36.4,3.0
2367,-30.1,36.5,4.0
2368,-30.1,36.6,5.0
2369,-30.1,36.7,5.0
2370,-30.1,36.8,5.0
2371,-30.1,36.9,4.0
2372,-30.1,37.8,1.0
2373,-30.1,37.9,2.0
2374,-30.1,39.1,1.0
2375,-30.1,39.3,1.0
2376,-30.1,39.4,3.0
2377,-30.1,39.5,2.0
2378,-30.1,39.6,3.0
2379,-30.1,39.8,3.0
2380,-30.1,39.9,2.0
2381,-0.7,32.7,1.0
2382,5.8,31.6,1.0
2383,14.8,33.3,1.0
2384,-33.8,37.3,1.0
2385,-30.2,36.2,1.0
2386,-30.2,36.3,3.0
2387,-30.2,36.4,4.0
2388,-30.2,36.5,1.0
2389,-30.2,36.6,5.0
2390,-30.2,36.7,5.0
2391,-30.2,36.8,5.0
2392,-30.2,36.9,4.0
2393,-30.2,37.6,1.0
2394,-30.2,37.7,1.0
2395,-30.2,37.9,1.0
2396,-30.2,38.3,1.0
2397,-30.2,38.9,1.0
2398,-30.2,39.2,2.0
2399,-30.2,39.3,1.0
2400,-30.2,39.4,1.0
2401,-30.2,39.5,3.0
2402,-30.2,39.6,3.0
2403,-34.3,35.2,1.0
2404,-34.3,35.3,1.0
2405,-34.3,35.4,1.0
2406,-34.3,35.6,1.0
2407,-34.3,39.7,1.0
2408,-21.0,35.0,3.0
2409,-21.0,35.1,3.0
2410,-21.0,35.2,2.0
2411,-21.0,35.3,2.0
2412,-21.0,35.4,5.0
2413,-21.0,35.5,5.0
2414,-21.0,35.6,5.0
2415,-21.0,35.7,5.0
2416,-21.0,35.8,5.0
2417,-21.0,35.9,3.0
2418,-21.0,36.0,4.0
2419,-21.0,36.1,4.0
2420,-21.0,37.2,1.0
2421,1.9,32.5,1.0
2422,-0.3,32.6,1.0
2423,-0.3,32.7,1.0
2424,-0.3,32.8,1.0
2425,-24.5,35.8,5.0
2426,-24.5,35.9,4.0
2427,-24.5,36.0,3.0
2428,-24.5,36.1,5.0
2429,-24.5,36.2,4.0
2430,-24.5,36.3,5.0
2431,-24.5,36.4,5.0
2432,-24.5,36.5,5.0
2433,-24.5,36.6,3.0
2434,-24.5,36.7,1.0
2435,-24.5,36.8,3.0
2436,-24.5,36.9,3.0
2437,-22.0,35.0,1.0
2438,-22.0,35.3,1.0
2439,-22.0,35.4,5.0
2440,-22.0,35.5,5.0
2441,-22.0,35.6,4.0
2442,-22.0,35.7,5.0
2443,-22.0,35.8,5.0
2444,-22.0,35.9,5.0
2445,-22.0,36.0,5.0
2446,-22.0,36.1,5.0
2447,-22.0,36.2,1.0
2448,-22.0,36.5,2.0
2449,-14.9,34.7,1.0
2450,-14.9,34.8,2.0
2451,-14.9,34.9,1.0
2452,-14.9,35.0,5.0
2453,-14.9,35.1,5.0
2454,-14.9,35.2,5.0
2455,-14.9,35.3,5.0
2456,-14.9,35.4,5.0
2457,-14.9,35.5,5.0
2458,-14.9,35.6,2.0
2459,-14.9,35.7,3.0
2460,-14.9,36.0,1.0
2461,13.1,32.5,1.0
2462,13.1,38.2,2.0
2463,13.1,38.3,4.0
2464,13.1,38.4,2.0
2465,13.1,38.7,1.0
2466,10.5,32.2,2.0
2467,10.5,38.4,1.0
2468,10.5,38.6,1.0
2469,10.5,38.8,1.0
2470,-33.0,35.3,1.0
2471,-33.0,35.7,1.0
2472,-33.0,36.1,1.0
2473,2.5,31.9,1.0
2474,2.5,32.2,1.0
2475,-15.6,34.6,2.0
2476,-15.6,34.7,2.0
2477,-15.6,34.8,2.0
2478,-15.6,34.9,1.0
2479,-15.6,35.0,5.0
2480,-15.6,35.1,5.0
2481,-15.6,35.2,5.0
2482,-15.6,35.3,5.0
2483,-15.6,35.4,4.0
2484,-15.6,35.5,1.0
2485,-15.6,35.7,3.0
2486,3.9,31.8,1.0
2487,3.9,32.2,1.0
2488,10.8,31.6,1.0
2489,10.8,32.1,1.0
2490,10.8,32.2,1.0
2491,10.8,37.7,1.0
2492,10.8,38.1,1.0
2493,10.8,38.3,2.0
2494,10.8,38.5,1.0
2495,10.8,38.6,3.0
2496,10.8,38.7,2.0
2497,10.8,38.8,3.0
2498,-29.5,36.2,5.0
2499,-29.5,36.3,2.0
2500,-29.5,36.4,3.0
2501,-29.5,36.5,3.0
2502,-29.5,36.6,4.0
2503,-29.5,36.7,5.0
2504,-29.5,36.8,5.0
2505,-29.5,36.9,4.0
2506,-29.5,37.4,1.0
2507,-29.5,37.5,1.0
2508,-29.5,37.8,2.0
2509,-29.5,38.0,1.0
2510,-29.5,38.3,2.0
2511,-29.5,39.5,2.0
2512,-29.5,39.9,1.0
2513,8.6,31.7,1.0
2514,8.6,31.8,1.0
2515,-1.0,32.8,1.0
2516,-14.2,34.6,1.0
2517,-14.2,34.7,2.0
2518,-14.2,35.0,5.0
2519,-14.2,35.1,5.0
2520,-14.2,35.2,5.0
2521,-14.2,35.3,5.0
2522,-14.2,35.4,4.0
2523,-14.2,35.5,5.0
2524,-14.2,35.6,5.0
2525,-14.2,35.7,5.0
2526,-14.2,35.8,1.0
2527,-14.2,36.0,1.0
2528,11.7,32.0,1.0
2529,11.7,32.3,2.0
2530,11.7,37.8,3.0
2531,11.7,38.1,5.0
2532,11.7,38.2,3.0
2533,11.7,38.3,4.0
2534,11.7,38.4,2.0
2535,11.7,38.5,2.0
2536,11.7,38.6,4.0
2537,11.7,38.7,3.0
2538,11.7,38.8,2.0
2539,11.7,39.2,1.0
2540,-22.9,35.4,1.0
2541,-22.9,35.5,3.0
2542,-22.9,35.6,4.0
2543,-22.9,35.7,2.0
2544,-22.9,35.8,5.0
2545,-22.9,35.9,5.0
2546,-22.9,36.0,5.0
2547,-22.9,36.1,5.0
2548,-22.9,36.2,2.0
2549,-22.9,36.3,3.0
2550,-22.9,36.4,2.0
2551,-22.9,36.5,4.0
2552,-39.5,34.8,1.0
2553,-34.8,35.5,1.0
2554,-34.8,35.6,2.0
2555,-34.8,36.0,1.0
2556,-34.8,36.2,1.0
2557,-34.8,37.0,1.0
2558,-34.8,39.4,1.0
2559,-34.8,39.8,1.0
2560,-34.8,39.9,1.0
2561,8.1,31.6,1.0
2562,8.1,31.8,1.0
2563,8.1,32.0,2.0
2564,2.4,32.1,1.0
2565,-27.6,36.2,3.0
2566,-27.6,36.3,4.0
2567,-27.6,36.4,3.0
2568,-27.6,36.5,4.0
2569,-27.6,36.6,5.0
2570,-27.6,36.7,5.0
2571,-27.6,36.8,5.0
2572,-27.6,36.9,5.0
2573,-27.6,37.0,2.0
2574,11.1,32.1,1.0
2575,11.1,32.2,1.0
2576,11.1,38.2,2.0
2577,11.1,38.3,1.0
2578,11.1,38.4,1.0
2579,11.1,38.5,3.0
2580,11.1,38.6,1.0
2581,11.1,38.7,2.0
2582,11.1,38.8,3.0
2583,-14.1,35.0,5.0
2584,-14.1,35.1,5.0
2585,-14.1,35.2,5.0
2586,-14.1,35.3,5.0
2587,-14.1,35.4,5.0
2588,-14.1,35.5,5.0
2589,-14.1,35.6,4.0
2590,-14.1,35.7,3.0
2591,-14.1,35.9,1.0
2592,6.2,31.7,1.0
2593,6.2,31.8,1.0
2594,1.7,32.4,1.0
2595,-14.4,34.6,1.0
2596,-14.4,35.0,5.0
2597,-14.4,35.1,5.0
2598,-14.4,35.2,5.0
2599,-14.4,35.3,5.0
2600,-14.4,35.4,5.0
2601,-14.4,35.5,4.0
2602,-14.4,35.6,3.0
2603,-14.4,35.7,4.0
2604,-14.4,35.8,2.0
2605,-14.4,36.0,1.0
2606,-14.4,36.4,1.0
2607,14.2,32.8,1.0
2608,14.2,38.1,1.0
2609,-15.2,34.7,3.0
2610,-15.2,34.8,2.0
2611,-15.2,34.9,2.0
2612,-15.2,35.0,5.0
2613,-15.2,35.1,5.0
2614,-15.2,35.2,5.0
2615,-15.2,35.3,5.0
2616,-15.2,35.4,3.0
2617,-15.2,35.5,3.0
2618,-15.2,35.6,3.0
2619,-15.2,35.7,3.0
2620,-34.9,35.4,1.0
2621,-34.9,35.5,1.0
2622,-34.9,35.7,1.0
2623,-34.9,35.8,1.0
2624,-34.9,39.6,1.0
2625,-27.9,36.2,2.0
2626,-27.9,36.3,3.0
2627,-27.9,36.4,2.0
2628,-27.9,36.5,4.0
2629,-27.9,36.6,5.0
2630,-27.9,36.7,5.0
2631,-27.9,36.8,5.0
2632,-27.9,36.9,4.0
2633,-27.9,37.1,1.0
2634,-27.9,37.2,1.0
2635,15.8,33.2,1.0
2636,15.5,33.2,1.0
2637,15.5,33.5,1.0
2638,-15.9,34.6,1.0
2639,-15.9,34.8,2.0
2640,-15.9,34.9,1.0
2641,-15.9,35.0,5.0
2642,-15.9,35.1,5.0
2643,-15.9,35.2,5.0
2644,-15.9,35.3,5.0
2645,-15.9,35.4,3.0
2646,-15.9,35.5,5.0
2647,-15.9,35.6,2.0
2648,-15.9,35.7,3.0
2649,-14.8,34.7,1.0
2650,-14.8,34.8,2.0
2651,-14.8,34.9,2.0
2652,-14.8,35.0,5.0
2653,-14.8,35.1,5.0
2654,-14.8,35.2,5.0
2655,-14.8,35.3,4.0
2656,-14.8,35.4,3.0
2657,-14.8,35.5,3.0
2658,-14.8,35.6,5.0
2659,-14.8,35.7,5.0
2660,-14.8,36.0,1.0
2661,-14.8,36.1,1.0
2662,-35.7,35.1,1.0
2663,-35.7,35.6,1.0
2664,-35.7,36.0,1.0
2665,-35.7,36.1,1.0
2666,-35.7,37.0,1.0
2667,-2.0,32.8,1.0
2668,15.0,33.2,1.0
2669,15.0,33.3,1.0
2670,5.1,31.8,1.0
2671,-13.2,35.0,4.0
2672,-13.2,35.1,2.0
2673,-13.2,35.2,5.0
2674,-13.2,35.3,3.0
2675,-13.2,35.4,5.0
2676,-13.2,35.5,5.0
2677,-13.2,35.6,3.0
2678,-13.2,35.7,5.0
2679,-13.2,35.8,2.0
2680,-13.2,35.9,1.0
2681,-13.2,36.0,3.0
2682,-13.2,36.1,3.0
2683,17.9,39.4,1.0
2684,-31.8,34.7,1.0
2685,-31.8,35.3,1.0
2686,-31.8,35.7,1.0
2687,-31.8,38.0,1.0
2688,-12.6,35.0,1.0
2689,-12.6,35.3,2.0
2690,-12.6,35.4,4.0
2691,-12.6,35.5,4.0
2692,-12.6,35.6,5.0
2693,-12.6,35.7,5.0
2694,-12.6,35.8,4.0
2695,-12.6,35.9,3.0
2696,-12.6,36.0,1.0
2697,-12.6,36.1,5.0
2698,-20.3,35.0,3.0
2699,-20.3,35.1,5.0
2700,-20.3,35.2,3.0
2701,-20.3,35.3,5.0
2702,-20.3,35.4,4.0
2703,-20.3,35.5,5.0
2704,-20.3,35.6,5.0
2705,-20.3,35.7,5.0
2706,-20.3,35.8,2.0
2707,-20.3,35.9,3.0
2708,-20.3,36.0,1.0
2709,-20.3,36.1,4.0
2710,3.8,31.9,2.0
2711,3.8,32.1,1.0
2712,-35.0,35.8,1.0
2713,-35.0,35.9,1.0
2714,11.5,31.9,1.0
2715,11.5,32.0,1.0
2716,11.5,32.1,1.0
2717,11.5,38.2,1.0
2718,11.5,38.3,2.0
2719,11.5,38.5,3.0
2720,11.5,38.6,3.0
2721,11.5,38.7,4.0
2722,11.5,38.8,2.0
2723,11.5,39.2,1.0
2724,5.9,31.6,1.0
2725,5.9,31.8,1.0
2726,-18.6,34.6,1.0
2727,-18.6,34.7,1.0
2728,-18.6,34.8,2.0
2729,-18.6,34.9,1.0
2730,-18.6,35.0,5.0
2731,-18.6,35.1,5.0
2732,-18.6,35.2,5.0
2733,-18.6,35.3,5.0
2734,-18.6,35.4,5.0
2735,-18.6,35.5,4.0
2736,-18.6,35.6,3.0
2737,-18.6,35.7,3.0
2738,-18.6,35.8,2.0
2739,-18.6,36.1,1.0
2740,-24.4,35.4,1.0
2741,-24.4,35.5,1.0
2742,-24.4,35.6,1.0
2743,-24.4,35.7,1.0
2744,-24.4,35.8,5.0
2745,-24.4,35.9,5.0
2746,-24.4,36.0,4.0
2747,-24.4,36.1,5.0
2748,-24.4,36.2,5.0
2749,-24.4,36.3,5.0
2750,-24.4,36.4,5.0
2751,-24.4,36.5,4.0
2752,-24.4,36.6,1.0
2753,-24.4,36.7,2.0
2754,-24.4,36.8,1.0
2755,-22.2,35.2,1.0
2756,-22.2,35.3,2.0
2757,-22.2,35.4,2.0
2758,-22.2,35.5,1.0
2759,-22.2,35.6,4.0
2760,-22.2,35.7,3.0
2761,-22.2,35.8,5.0
2762,-22.2,35.9,5.0
2763,-22.2,36.0,5.0
2764,-22.2,36.1,5.0
2765,-22.2,36.2,1.0
2766,-22.2,36.3,2.0
2767,-22.2,36.4,2.0
2768,-22.2,36.5,3.0
2769,-22.2,37.0,1.0
2770,-22.2,37.3,1.0
2771,-18.1,34.7,3.0
2772,-18.1,34.8,3.0
2773,-18.1,34.9,1.0
2774,-18.1,35.0,5.0
2775,-18.1,35.1,5.0
2776,-18.1,35.2,5.0
2777,-18.1,35.3,5.0
2778,-18.1,35.4,3.0
2779,-18.1,35.5,4.0
2780,-18.1,35.6,3.0
2781,-18.1,35.7,4.0
2782,-18.1,35.9,1.0
2783,-25.8,35.8,1.0
2784,-25.8,35.9,1.0
2785,-25.8,36.0,2.0
2786,-25.8,36.2,5.0
2787,-25.8,36.3,5.0
2788,-25.8,36.4,5.0
2789,-25.8,36.5,5.0
2790,-25.8,36.6,4.0
2791,-25.8,36.7,5.0
2792,-25.8,36.8,5.0
2793,-25.8,36.9,4.0
2794,-25.8,37.6,1.0
2795,-19.0,34.6,3.0
2796,-19.0,34.7,2.0
2797,-19.0,34.9,1.0
2798,-19.0,35.0,5.0
2799,-19.0,35.1,5.0
2800,-19.0,35.2,5.0
2801,-19.0,35.3,4.0
2802,-19.0,35.4,2.0
2803,-19.0,35.5,5.0
2804,-19.0,35.6,5.0
2805,-19.0,35.7,5.0
2806,-19.0,35.9,2.0
2807,-19.0,36.0,1.0
2808,-19.0,36.1,1.0
2809,-17.2,34.6,3.0
2810,-17.2,34.7,2.0
2811,-17.2,34.8,1.0
2812,-17.2,34.9,3.0
2813,-17.2,35.0,5.0
2814,-17.2,35.1,5.0
2815,-17.2,35.2,5.0
2816,-17.2,35.3,4.0
2817,-17.2,35.4,4.0
2818,-17.2,35.5,3.0
2819,-17.2,35.6,2.0
2820,-17.2,35.7,4.0
2821,2.1,31.9,1.0
2822,2.1,32.6,1.0
2823,-14.6,34.6,1.0
2824,-14.6,34.7,1.0
2825,-14.6,34.8,1.0
2826,-14.6,35.0,5.0
2827,-14.6,35.1,5.0
2828,-14.6,35.2,5.0
2829,-14.6,35.3,5.0
2830,-14.6,35.4,4.0
2831,-14.6,35.5,5.0
2832,-14.6,35.6,3.0
2833,-14.6,35.7,5.0
2834,-14.6,35.9,2.0
2835,16.2,33.5,1.0
2836,-38.6,36.0,1.0
2837,-38.6,36.1,1.0
2838,-38.6,37.2,1.0
2839,-22.7,35.0,1.0
2840,-22.7,35.4,3.0
2841,-22.7,35.5,2.0
2842,-22.7,35.6,5.0
2843,-22.7,35.7,2.0
2844,-22.7,35.8,5.0
2845,-22.7,35.9,5.0
2846,-22.7,36.0,5.0
2847,-22.7,36.1,5.0
2848,-22.7,36.2,4.0
2849,-22.7,36.3,1.0
2850,-22.7,36.4,1.0
2851,-22.7,36.5,2.0
2852,-22.7,37.3,1.0
2853,-32.8,35.3,1.0
2854,-32.8,36.1,1.0
2855,-32.8,36.6,1.0
2856,-32.8,36.9,1.0
2857,-33.5,35.0,1.0
2858,-33.5,35.4,1.0
2859,-33.5,35.5,1.0
2860,-33.5,35.8,1.0
2861,-27.3,36.1,1.0
2862,-27.3,36.2,5.0
2863,-27.3,36.3,4.0
2864,-27.3,36.4,5.0
2865,-27.3,36.5,4.0
2866,-27.3,36.6,5.0
2867,-27.3,36.7,3.0
2868,-27.3,36.8,5.0
2869,-27.3,36.9,5.0
2870,-27.3,37.3,2.0
2871,-27.3,37.5,1.0
2872,-17.4,34.6,1.0
2873,-17.4,34.7,1.0
2874,-17.4,34.8,1.0
2875,-17.4,34.9,2.0
2876,-17.4,35.0,5.0
2877,-17.4,35.1,5.0
2878,-17.4,35.2,5.0
2879,-17.4,35.3,5.0
2880,-17.4,35.4,2.0
2881,-17.4,35.5,3.0
2882,-17.4,35.6,2.0
2883,-17.4,35.7,3.0
2884,-17.4,35.8,1.0
2885,-10.5,36.2,1.0
2886,-10.5,36.3,1.0
2887,-10.5,36.4,1.0
2888,-10.5,36.5,1.0
2889,3.3,31.9,2.0
2890,3.3,32.0,1.0
2891,12.2,37.9,1.0
2892,12.2,38.1,4.0
2893,12.2,38.2,4.0
2894,12.2,38.3,4.0
2895,12.2,38.4,3.0
2896,12.2,38.5,2.0
2897,12.2,38.6,1.0
2898,12.2,38.7,1.0
2899,12.2,38.8,2.0
2900,12.2,39.0,1.0
2901,-19.9,34.7,1.0
2902,-19.9,35.0,5.0
2903,-19.9,35.1,5.0
2904,-19.9,35.2,4.0
2905,-19.9,35.3,5.0
2906,-19.9,35.4,5.0
2907,-19.9,35.5,5.0
2908,-19.9,35.6,5.0
2909,-19.9,35.7,5.0
2910,-19.9,35.8,2.0
2911,-19.9,36.1,4.0
2912,-19.9,36.8,1.0
2913,-30.6,36.2,3.0
2914,-30.6,36.3,3.0
2915,-30.6,36.4,2.0
2916,-30.6,36.6,5.0
2917,-30.6,36.7,4.0
2918,-30.6,36.8,5.0
2919,-30.6,36.9,4.0
2920,-30.6,37.8,1.0
2921,-30.6,38.3,1.0
2922,-30.6,38.5,1.0
2923,-30.6,38.7,1.0
2924,-30.6,38.9,1.0
2925,-30.6,39.0,1.0
2926,-30.6,39.1,3.0
2927,-30.6,39.2,2.0
2928,-30.6,39.3,2.0
2929,-30.6,39.4,4.0
2930,-30.6,39.5,1.0
2931,-30.6,39.6,2.0
2932,-30.6,39.7,1.0
2933,-30.6,39.9,1.0
2934,-28.6,36.1,1.0
2935,-28.6,36.3,2.0
2936,-28.6,36.4,3.0
2937,-28.6,36.5,2.0
2938,-28.6,36.6,5.0
2939,-28.6,36.7,4.0
2940,-28.6,36.8,5.0
2941,-28.6,36.9,5.0
2942,-28.6,37.2,1.0
2943,-28.6,37.3,1.0
2944,9.6,31.8,1.0
2945,9.6,32.1,1.0
2946,9.6,38.3,1.0
2947,-23.7,35.4,3.0
2948,-23.7,35.5,1.0
2949,-23.7,35.6,4.0
2950,-23.7,35.7,2.0
2951,-23.7,35.8,5.0
2952,-23.7,35.9,5.0
2953,-23.7,36.0,5.0
2954,-23.7,36.1,5.0
2955,-23.7,36.2,5.0
2956,-23.7,36.3,5.0
2957,-23.7,36.4,5.0
2958,-23.7,36.5,5.0
2959,-23.7,36.6,1.0
2960,-23.7,36.7,2.0
2961,-23.7,36.8,2.0
2962,-23.7,36.9,1.0
2963,-13.8,34.8,1.0
2964,-13.8,35.0,4.0
2965,-13.8,35.1,5.0
2966,-13.8,35.2,5.0
2967,-13.8,35.3,5.0
2968,-13.8,35.4,5.0
2969,-13.8,35.5,5.0
2970,-13.8,35.6,5.0
2971,-13.8,35.7,5.0
2972,-13.8,35.8,1.0
2973,-13.8,36.0,2.0
2974,-13.8,36.1,1.0
2975,-28.7,36.2,2.0
2976,-28.7,36.3,1.0
2977,-28.7,36.4,3.0
2978,-28.7,36.5,4.0
2979,-28.7,36.6,5.0
2980,-28.7,36.7,5.0
2981,-28.7,36.8,5.0
2982,-28.7,36.9,5.0
2983,-28.7,37.1,1.0
2984,-28.7,37.2,2.0
2985,-28.7,37.7,2.0
2986,-12.7,34.6,1.0
2987,-12.7,35.0,2.0
2988,-12.7,35.1,5.0
2989,-12.7,35.2,2.0
2990,-12.7,35.3,3.0
2991,-12.7,35.4,4.0
2992,-12.7,35.5,4.0
2993,-12.7,35.6,5.0
2994,-12.7,35.7,5.0
2995,-12.7,35.8,2.0
2996,-12.7,35.9,1.0
2997,-12.7,36.0,1.0
2998,-12.7,36.1,3.0
2999,0.6,32.3,1.0
3000,0.6,32.4,2.0
3001,0.6,32.6,2.0
3002,-10.8,35.9,1.0
3003,-10.8,36.2,1.0
3004,-10.8,36.3,2.0
3005,-10.8,36.4,2.0
3006,-10.8,36.5,1.0
3007,12.6,32.5,1.0
3008,12.6,38.0,1.0
3009,12.6,38.1,5.0
3010,12.6,38.2,4.0
3011,12.6,38.3,5.0
3012,12.6,38.4,2.0
3013,12.6,38.5,2.0
3014,12.6,38.8,2.0
3015,-17.7,34.6,2.0
3016,-17.7,34.7,1.0
3017,-17.7,34.8,1.0
3018,-17.7,34.9,2.0
3019,-17.7,35.0,3.0
3020,-17.7,35.1,5.0
3021,-17.7,35.2,5.0
3022,-17.7,35.3,5.0
3023,-17.7,35.4,3.0
3024,-17.7,35.5,4.0
3025,-17.7,35.6,5.0
3026,-17.7,35.7,4.0
3027,-14.7,34.8,1.0
3028,-14.7,34.9,2.0
3029,-14.7,35.0,5.0
3030,-14.7,35.1,5.0
3031,-14.7,35.2,5.0
3032,-14.7,35.3,4.0
3033,-14.7,35.4,5.0
3034,-14.7,35.5,5.0
3035,-14.7,35.6,3.0
3036,-14.7,35.7,5.0
3037,-23.0,35.4,5.0
3038,-23.0,35.5,3.0
3039,-23.0,35.6,5.0
3040,-23.0,35.7,2.0
3041,-23.0,35.8,5.0
3042,-23.0,35.9,5.0
3043,-23.0,36.0,5.0
3044,-23.0,36.1,5.0
3045,-23.0,36.2,4.0
3046,-23.0,36.3,4.0
3047,-23.0,36.4,4.0
3048,-23.0,36.5,2.0
3049,-19.3,34.6,1.0
3050,-19.3,34.9,1.0
3051,-19.3,35.0,5.0
3052,-19.3,35.1,4.0
3053,-19.3,35.2,4.0
3054,-19.3,35.3,5.0
3055,-19.3,35.4,4.0
3056,-19.3,35.5,4.0
3057,-19.3,35.6,5.0
3058,-19.3,35.7,4.0
3059,-19.3,36.3,1.0
3060,-26.9,35.8,1.0
3061,-26.9,36.1,1.0
3062,-26.9,36.2,5.0
3063,-26.9,36.3,3.0
3064,-26.9,36.4,4.0
3065,-26.9,36.5,3.0
3066,-26.9,36.6,4.0
3067,-26.9,36.7,4.0
3068,-26.9,36.8,2.0
3069,-26.9,36.9,5.0
3070,-26.9,37.2,1.0
3071,-21.2,35.0,4.0
3072,-21.2,35.1,2.0
3073,-21.2,35.2,3.0
3074,-21.2,35.4,5.0
3075,-21.2,35.5,5.0
3076,-21.2,35.6,5.0
3077,-21.2,35.7,5.0
3078,-21.2,35.8,4.0
3079,-21.2,35.9,4.0
3080,-21.2,36.0,5.0
3081,-21.2,36.1,2.0
3082,-21.2,36.9,1.0
3083,-11.0,35.8,2.0
3084,-11.0,36.3,3.0
3085,-17.9,34.6,3.0
3086,-17.9,34.7,3.0
3087,-17.9,34.8,3.0
3088,-17.9,34.9,4.0
3089,-17.9,35.0,5.0
3090,-17.9,35.1,5.0
3091,-17.9,35.2,5.0
3092,-17.9,35.3,5.0
3093,-17.9,35.4,1.0
3094,-17.9,35.5,4.0
3095,-17.9,35.6,2.0
3096,-17.9,35.7,4.0
3097,-13.7,34.9,2.0
3098,-13.7,35.0,5.0
3099,-13.7,35.1,4.0
3100,-13.7,35.2,5.0
3101,-13.7,35.3,5.0
3102,-13.7,35.4,5.0
3103,-13.7,35.5,5.0
3104,-13.7,35.6,5.0
3105,-13.7,35.7,5.0
3106,-13.7,35.8,1.0
3107,-13.7,36.0,3.0
3108,-13.7,36.1,2.0
3109,-30.9,36.2,3.0
3110,-30.9,36.3,4.0
3111,-30.9,36.4,3.0
3112,-30.9,36.5,4.0
3113,-30.9,36.7,3.0
3114,-30.9,36.9,1.0
3115,-30.9,37.2,1.0
3116,-30.9,37.7,1.0
3117,-30.9,37.9,1.0
3118,-30.9,38.1,3.0
3119,-30.9,38.2,2.0
3120,-30.9,38.3,2.0
3121,-30.9,38.4,2.0
3122,-30.9,38.5,4.0
3123,-30.9,38.6,2.0
3124,-30.9,38.7,3.0
3125,-30.9,38.8,3.0
3126,-30.9,38.9,4.0
3127,-30.9,39.0,1.0
3128,-30.9,39.1,4.0
3129,-30.9,39.2,2.0
3130,-30.9,39.3,1.0
3131,-30.9,39.5,1.0
3132,-30.9,39.6,1.0
3133,-30.9,39.7,1.0
3134,-30.9,39.9,1.0
3135,-11.6,35.4,1.0
3136,-11.6,35.6,2.0
3137,-11.6,35.8,1.0
3138,-11.6,35.9,4.0
3139,-11.6,36.0,2.0
3140,-11.6,36.1,2.0
3141,-11.6,36.4,1.0
3142,-28.2,36.2,3.0
3143,-28.2,36.3,4.0
3144,-28.2,36.4,3.0
3145,-28.2,36.5,3.0
3146,-28.2,36.6,5.0
3147,-28.2,36.7,4.0
3148,-28.2,36.8,4.0
3149,-28.2,36.9,5.0
3150,-28.2,37.2,4.0
3151,8.8,39.3,1.0
3152,9.2,32.1,1.0
3153,9.2,39.1,1.0
3154,-16.8,34.6,2.0
3155,-16.8,34.7,5.0
3156,-16.8,34.8,2.0
3157,-16.8,34.9,2.0
3158,-16.8,35.0,5.0
3159,-16.8,35.1,5.0
3160,-16.8,35.2,5.0
3161,-16.8,35.3,5.0
3162,-16.8,35.4,5.0
3163,-16.8,35.5,1.0
3164,-16.8,35.6,5.0
3165,-16.8,35.7,2.0
3166,-16.8,36.4,1.0
3167,-39.3,37.2,1.0
3168,-13.9,34.7,1.0
3169,-13.9,34.8,1.0
3170,-13.9,35.0,4.0
3171,-13.9,35.1,5.0
3172,-13.9,35.2,5.0
3173,-13.9,35.3,4.0
3174,-13.9,35.4,5.0
3175,-13.9,35.5,4.0
3176,-13.9,35.6,4.0
3177,-13.9,35.7,5.0
3178,-15.4,34.6,2.0
3179,-15.4,34.7,1.0
3180,-15.4,34.8,2.0
3181,-15.4,35.0,5.0
3182,-15.4,35.1,5.0
3183,-15.4,35.2,5.0
3184,-15.4,35.3,5.0
3185,-15.4,35.4,5.0
3186,-15.4,35.5,5.0
3187,-15.4,35.6,4.0
3188,-15.4,35.7,4.0
3189,-15.4,35.9,1.0
3190,-31.9,34.3,1.0
3191,-31.9,34.7,1.0
3192,-31.9,34.9,1.0
3193,-31.9,35.6,1.0
3194,-31.9,35.7,1.0
3195,-38.8,35.3,1.0
3196,-17.3,34.6,1.0
3197,-17.3,34.7,2.0
3198,-17.3,34.8,1.0
3199,-17.3,34.9,3.0
3200,-17.3,35.0,5.0
3201,-17.3,35.1,5.0
3202,-17.3,35.2,5.0
3203,-17.3,35.3,5.0
3204,-17.3,35.5,4.0
3205,-17.3,35.6,4.0
3206,-17.3,35.7,4.0
3207,-21.1,35.0,3.0
3208,-21.1,35.2,3.0
3209,-21.1,35.3,2.0
3210,-21.1,35.4,5.0
3211,-21.1,35.5,5.0
3212,-21.1,35.6,5.0
3213,-21.1,35.7,5.0
3214,-21.1,35.8,5.0
3215,-21.1,35.9,4.0
3216,-21.1,36.0,5.0
3217,-21.1,36.1,4.0
3218,-21.1,36.3,1.0
3219,-21.1,36.5,1.0
3220,-21.1,36.9,1.0
3221,-35.3,35.6,1.0
3222,-35.3,35.7,1.0
3223,-35.3,35.9,1.0
3224,-35.3,39.7,1.0
3225,-35.3,39.8,1.0
3226,-32.5,35.9,1.0
3227,-36.1,35.7,1.0
3228,-36.1,37.3,1.0
3229,27.8,37.7,1.0
3230,5.4,31.6,1.0
3231,5.4,31.7,1.0
3232,-12.5,35.2,1.0
3233,-12.5,35.3,3.0
3234,-12.5,35.4,5.0
3235,-12.5,35.5,2.0
3236,-12.5,35.6,5.0
3237,-12.5,35.7,4.0
3238,-12.5,35.8,2.0
3239,-12.5,35.9,3.0
3240,-12.5,36.0,4.0
3241,-12.5,36.1,3.0
3242,-12.5,36.4,1.0
3243,-38.0,35.9,1.0
3244,-38.0,36.0,1.0
3245,-38.0,37.6,1.0
3246,-16.6,34.6,3.0
3247,-16.6,34.7,1.0
3248,-16.6,34.8,2.0
3249,-16.6,34.9,1.0
3250,-16.6,35.0,5.0
3251,-16.6,35.1,5.0
3252,-16.6,35.2,5.0
3253,-16.6,35.3,5.0
3254,-16.6,35.4,5.0
3255,-16.6,35.5,4.0
3256,-16.6,35.6,4.0
3257,-16.6,35.7,4.0
3258,-11.5,35.7,1.0
3259,-11.5,35.9,2.0
3260,-11.5,36.0,4.0
3261,-11.5,36.1,3.0
3262,-11.5,36.5,1.0
3263,-21.9,35.0,1.0
3264,-21.9,35.1,1.0
3265,-21.9,35.3,2.0
3266,-21.9,35.4,5.0
3267,-21.9,35.5,4.0
3268,-21.9,35.6,5.0
3269,-21.9,35.7,5.0
3270,-21.9,35.8,5.0
3271,-21.9,35.9,5.0
3272,-21.9,36.0,5.0
3273,-21.9,36.1,4.0
3274,-21.9,36.2,1.0
3275,-21.9,36.3,2.0
3276,-21.9,36.4,1.0
3277,-21.9,36.9,1.0
3278,-21.9,37.2,1.0
3279,-0.8,32.5,1.0
3280,-0.8,32.7,1.0
3281,-0.4,32.3,2.0
3282,-0.4,32.8,2.0
3283,-0.4,33.0,1.0
3284,15.2,33.2,1.0
3285,-1.7,32.8,1.0
3286,-12.4,35.0,2.0
3287,-12.4,35.1,2.0
3288,-12.4,35.2,3.0
3289,-12.4,35.3,3.0
3290,-12.4,35.4,3.0
3291,-12.4,35.5,5.0
3292,-12.4,35.6,3.0
3293,-12.4,35.7,4.0
3294,-12.4,35.8,2.0
3295,-12.4,35.9,3.0
3296,-12.4,36.0,4.0
3297,-12.4,36.1,5.0
3298,-18.4,34.6,2.0
3299,-18.4,34.7,2.0
3300,-18.4,34.9,1.0
3301,-18.4,35.0,5.0
3302,-18.4,35.1,5.0
3303,-18.4,35.2,5.0
3304,-18.4,35.3,5.0
3305,-18.4,35.4,3.0
3306,-18.4,35.5,4.0
3307,-18.4,35.6,4.0
3308,-18.4,35.7,2.0
3309,-18.4,36.5,1.0
3310,-26.0,36.0,3.0
3311,-26.0,36.1,1.0
3312,-26.0,36.2,5.0
3313,-26.0,36.3,5.0
3314,-26.0,36.4,5.0
3315,-26.0,36.5,5.0
3316,-26.0,36.6,4.0
3317,-26.0,36.7,4.0
3318,-26.0,36.8,3.0
3319,-26.0,36.9,4.0
3320,-26.0,37.0,1.0
3321,-26.0,37.3,1.0
3322,2.3,32.5,1.0
3323,2.3,32.6,1.0
3324,-18.3,34.6,3.0
3325,-18.3,34.7,1.0
3326,-18.3,34.9,2.0
3327,-18.3,35.0,5.0
3328,-18.3,35.1,5.0
3329,-18.3,35.2,5.0
3330,-18.3,35.3,5.0
3331,-18.3,35.4,2.0
3332,-18.3,35.5,2.0
3333,-18.3,35.6,3.0
3334,-18.3,35.7,3.0
3335,-18.3,36.0,1.0
3336,-37.7,35.9,1.0
3337,-35.5,35.6,1.0
3338,-35.5,39.9,2.0
3339,-25.9,35.8,2.0
3340,-25.9,35.9,2.0
3341,-25.9,36.0,4.0
3342,-25.9,36.1,1.0
3343,-25.9,36.2,5.0
3344,-25.9,36.3,5.0
3345,-25.9,36.4,5.0
3346,-25.9,36.5,5.0
3347,-25.9,36.6,4.0
3348,-25.9,36.7,5.0
3349,-25.9,36.8,5.0
3350,-25.9,36.9,5.0
3351,-34.6,35.7,1.0
3352,-34.6,36.0,2.0
3353,-34.6,37.1,1.0
3354,-19.6,34.6,1.0
3355,-19.6,34.8,1.0
3356,-19.6,35.0,4.0
3357,-19.6,35.1,4.0
3358,-19.6,35.2,4.0
3359,-19.6,35.3,5.0
3360,-19.6,35.4,5.0
3361,-19.6,35.5,5.0
3362,-19.6,35.6,5.0
3363,-19.6,35.7,5.0
3364,-19.6,35.8,3.0
3365,-19.6,35.9,1.0
3366,-19.6,36.1,2.0
